:,HelpFormatter_ESTest::test00,HelpFormatter_ESTest::test01,HelpFormatter_ESTest::test02,HelpFormatter_ESTest::test03,HelpFormatter_ESTest::test04,HelpFormatter_ESTest::test05,HelpFormatter_ESTest::test06,HelpFormatter_ESTest::test07,HelpFormatter_ESTest::test08,HelpFormatter_ESTest::test09,HelpFormatter_ESTest::test10,HelpFormatter_ESTest::test11,HelpFormatter_ESTest::test12,HelpFormatter_ESTest::test13,HelpFormatter_ESTest::test16,HelpFormatter_ESTest::test17,HelpFormatter_ESTest::test18,HelpFormatter_ESTest::test19,HelpFormatter_ESTest::test20,HelpFormatter_ESTest::test21,HelpFormatter_ESTest::test22,HelpFormatter_ESTest::test24,HelpFormatter_ESTest::test25,HelpFormatter_ESTest::test26,HelpFormatter_ESTest::test27,HelpFormatter_ESTest::test28,HelpFormatter_ESTest::test29,HelpFormatter_ESTest::test30,HelpFormatter_ESTest::test31,HelpFormatter_ESTest::test32,HelpFormatter_ESTest::test34,HelpFormatter_ESTest::test35,
HelpFormatter_ESTest::test00 ,0,4,2,4,4,1,4,4,0,2,0,3,0,2,1,4,3,4,0,0,0,3,2,4,7,9,7,6,6,6,5,3,
HelpFormatter_ESTest::test01 ,4,0,4,0,0,5,0,2,4,3,4,2,4,4,5,4,3,2,4,4,4,5,5,2,9,10,7,7,6,7,7,5,
HelpFormatter_ESTest::test02 ,2,4,0,4,4,2,4,4,2,2,2,3,2,0,2,4,3,4,2,2,2,1,3,4,8,9,7,5,6,6,5,1,
HelpFormatter_ESTest::test03 ,4,0,4,0,0,5,0,2,4,3,4,2,4,4,5,4,3,2,4,4,4,5,5,2,9,10,7,7,6,7,7,5,
HelpFormatter_ESTest::test04 ,4,0,4,0,0,5,0,2,4,3,4,2,4,4,5,4,3,2,4,4,4,5,5,2,9,10,7,7,6,7,7,5,
HelpFormatter_ESTest::test05 ,1,5,2,5,5,0,5,5,1,3,1,4,1,2,1,5,4,5,1,1,1,3,3,5,6,9,7,5,6,6,5,3,
HelpFormatter_ESTest::test06 ,4,0,4,0,0,5,0,2,4,3,4,2,4,4,5,4,3,2,4,4,4,5,5,2,9,10,7,7,6,7,7,5,
HelpFormatter_ESTest::test07 ,4,2,4,2,2,5,2,0,4,3,4,1,4,4,4,3,3,2,4,4,4,5,5,2,8,10,7,6,6,7,7,5,
HelpFormatter_ESTest::test08 ,0,4,2,4,4,1,4,4,0,2,0,3,0,2,1,4,3,4,0,0,0,3,2,4,7,9,7,6,6,6,5,3,
HelpFormatter_ESTest::test09 ,2,3,2,3,3,3,3,3,2,0,2,2,2,2,3,4,2,3,2,2,2,3,3,2,7,8,6,5,5,5,5,3,
HelpFormatter_ESTest::test10 ,0,4,2,4,4,1,4,4,0,2,0,3,0,2,1,4,3,4,0,0,0,3,2,4,7,9,7,6,6,6,5,3,
HelpFormatter_ESTest::test11 ,3,2,3,2,2,4,2,1,3,2,3,0,3,3,3,4,2,2,3,3,3,4,4,2,8,9,7,6,6,6,6,4,
HelpFormatter_ESTest::test12 ,0,4,2,4,4,1,4,4,0,2,0,3,0,2,1,4,3,4,0,0,0,3,2,4,7,9,7,6,6,6,5,3,
HelpFormatter_ESTest::test13 ,2,4,0,4,4,2,4,4,2,2,2,3,2,0,2,4,3,4,2,2,2,1,3,4,8,9,7,5,6,6,5,1,
HelpFormatter_ESTest::test16 ,1,5,2,5,5,1,5,4,1,3,1,3,1,2,0,5,4,5,1,1,1,3,3,5,7,9,7,6,6,6,5,3,
HelpFormatter_ESTest::test17 ,4,4,4,4,4,5,4,3,4,4,4,4,4,4,5,0,4,3,4,4,4,5,4,4,7,10,7,6,6,7,7,4,
HelpFormatter_ESTest::test18 ,3,3,3,3,3,4,3,3,3,2,3,2,3,3,4,4,0,3,3,3,3,3,4,2,6,7,5,4,4,4,6,4,
HelpFormatter_ESTest::test19 ,4,2,4,2,2,5,2,2,4,3,4,2,4,4,5,3,3,0,4,4,4,5,4,1,8,9,7,6,6,7,7,4,
HelpFormatter_ESTest::test20 ,0,4,2,4,4,1,4,4,0,2,0,3,0,2,1,4,3,4,0,0,0,3,2,4,7,9,7,6,6,6,5,3,
HelpFormatter_ESTest::test21 ,0,4,2,4,4,1,4,4,0,2,0,3,0,2,1,4,3,4,0,0,0,3,2,4,7,9,7,6,6,6,5,3,
HelpFormatter_ESTest::test22 ,0,4,2,4,4,1,4,4,0,2,0,3,0,2,1,4,3,4,0,0,0,3,2,4,7,9,7,6,6,6,5,3,
HelpFormatter_ESTest::test24 ,3,5,1,5,5,3,5,5,3,3,3,4,3,1,3,5,3,5,3,3,3,0,3,4,7,8,6,4,5,5,5,1,
HelpFormatter_ESTest::test25 ,2,5,3,5,5,3,5,5,2,3,2,4,2,3,3,4,4,4,2,2,2,3,0,5,6,9,7,5,6,6,4,2,
HelpFormatter_ESTest::test26 ,4,2,4,2,2,5,2,2,4,2,4,2,4,4,5,4,2,1,4,4,4,4,5,0,8,8,6,6,5,6,7,5,
HelpFormatter_ESTest::test27 ,7,9,8,9,9,6,9,8,7,7,7,8,7,8,7,7,6,8,7,7,7,7,6,8,0,6,5,4,5,4,7,7,
HelpFormatter_ESTest::test28 ,9,10,9,10,10,9,10,10,9,8,9,9,9,9,9,10,7,9,9,9,9,8,9,8,6,0,5,7,5,4,9,9,
HelpFormatter_ESTest::test29 ,7,7,7,7,7,7,7,7,7,6,7,7,7,7,7,7,5,7,7,7,7,6,7,6,5,5,0,3,1,2,7,7,
HelpFormatter_ESTest::test30 ,6,7,5,7,7,5,7,6,6,5,6,6,6,5,6,6,4,6,6,6,6,4,5,6,4,7,3,0,4,3,6,4,
HelpFormatter_ESTest::test31 ,6,6,6,6,6,6,6,6,6,5,6,6,6,6,6,6,4,6,6,6,6,5,6,5,5,5,1,4,0,1,7,6,
HelpFormatter_ESTest::test32 ,6,7,6,7,7,6,7,7,6,5,6,6,6,6,6,7,4,7,6,6,6,5,6,6,4,4,2,3,1,0,6,6,
HelpFormatter_ESTest::test34 ,5,7,5,7,7,5,7,7,5,5,5,6,5,5,5,7,6,7,5,5,5,5,4,7,7,9,7,6,7,6,0,5,
HelpFormatter_ESTest::test35 ,3,5,1,5,5,3,5,5,3,3,3,4,3,1,3,4,4,4,3,3,3,1,2,5,7,9,7,4,6,6,5,0,
