:,ZoneInfoCompiler_ESTest::test00,ZoneInfoCompiler_ESTest::test01,ZoneInfoCompiler_ESTest::test02,ZoneInfoCompiler_ESTest::test03,ZoneInfoCompiler_ESTest::test04,ZoneInfoCompiler_ESTest::test05,ZoneInfoCompiler_ESTest::test06,ZoneInfoCompiler_ESTest::test07,ZoneInfoCompiler_ESTest::test08,ZoneInfoCompiler_ESTest::test09,ZoneInfoCompiler_ESTest::test10,ZoneInfoCompiler_ESTest::test11,ZoneInfoCompiler_ESTest::test12,ZoneInfoCompiler_ESTest::test13,ZoneInfoCompiler_ESTest::test14,ZoneInfoCompiler_ESTest::test15,ZoneInfoCompiler_ESTest::test16,ZoneInfoCompiler_ESTest::test17,ZoneInfoCompiler_ESTest::test18,ZoneInfoCompiler_ESTest::test19,ZoneInfoCompiler_ESTest::test20,ZoneInfoCompiler_ESTest::test21,ZoneInfoCompiler_ESTest::test22,ZoneInfoCompiler_ESTest::test23,ZoneInfoCompiler_ESTest::test24,ZoneInfoCompiler_ESTest::test25,ZoneInfoCompiler_ESTest::test26,ZoneInfoCompiler_ESTest::test27,ZoneInfoCompiler_ESTest::test28,ZoneInfoCompiler_ESTest::test29,ZoneInfoCompiler_ESTest::test30,ZoneInfoCompiler_ESTest::test31,ZoneInfoCompiler_ESTest::test32,ZoneInfoCompiler_ESTest::test33,ZoneInfoCompiler_ESTest::test34,ZoneInfoCompiler_ESTest::test35,ZoneInfoCompiler_ESTest::test36,ZoneInfoCompiler_ESTest::test37,ZoneInfoCompiler_ESTest::test38,ZoneInfoCompiler_ESTest::test40,ZoneInfoCompiler_ESTest::test41,ZoneInfoCompiler_ESTest::test42,ZoneInfoCompiler_ESTest::test43,ZoneInfoCompiler_ESTest::test44,ZoneInfoCompiler_ESTest::test45,
ZoneInfoCompiler_ESTest::test00 ,0,6,1,4,2,2,2,4,10,4,4,2,2,5,3,2,2,2,3,2,2,2,2,2,3,3,3,3,3,3,3,3,3,3,3,0,2,1,2,2,2,2,2,2,1,
ZoneInfoCompiler_ESTest::test01 ,6,0,6,7,7,6,7,7,11,7,7,7,7,6,6,7,7,7,6,7,7,7,7,7,7,7,7,7,7,7,7,7,7,7,7,6,7,5,6,6,5,5,5,5,5,
ZoneInfoCompiler_ESTest::test02 ,1,6,0,5,1,2,1,4,11,5,5,1,2,5,3,2,1,2,3,1,1,1,1,1,3,3,3,3,3,3,3,3,3,3,3,1,1,2,2,2,2,2,2,2,1,
ZoneInfoCompiler_ESTest::test03 ,4,7,5,0,5,5,5,2,6,3,3,5,4,5,5,4,5,4,4,4,5,5,5,4,4,4,3,4,4,4,4,4,4,4,4,4,5,5,5,5,5,5,5,5,5,
ZoneInfoCompiler_ESTest::test04 ,2,7,1,5,0,3,1,4,11,5,5,0,2,6,4,2,1,2,3,1,0,0,1,1,3,3,3,3,3,3,3,3,3,3,3,2,0,3,3,3,3,3,3,3,2,
ZoneInfoCompiler_ESTest::test05 ,2,6,2,5,3,0,3,4,11,5,5,3,3,4,3,3,3,3,3,3,3,3,3,3,3,3,3,3,3,3,3,3,3,3,3,2,3,2,1,1,1,1,1,1,1,
ZoneInfoCompiler_ESTest::test06 ,2,7,1,5,1,3,0,4,11,5,5,1,1,5,3,2,0,2,3,1,1,1,0,1,3,3,3,3,2,3,3,3,3,3,3,2,1,3,3,2,3,3,3,3,2,
ZoneInfoCompiler_ESTest::test07 ,4,7,4,2,4,4,4,0,8,4,4,4,3,5,4,3,4,3,3,3,4,4,4,3,3,3,3,3,3,3,3,3,3,3,3,4,4,4,4,4,4,4,4,4,4,
ZoneInfoCompiler_ESTest::test08 ,10,11,11,6,11,11,11,8,0,7,7,11,10,9,11,9,11,10,10,10,11,11,11,10,10,10,9,10,10,10,10,10,10,10,10,10,11,11,11,11,11,11,11,11,11,
ZoneInfoCompiler_ESTest::test09 ,4,7,5,3,5,5,5,4,7,0,1,5,5,6,5,4,5,5,5,5,5,5,5,5,5,5,4,5,5,5,5,5,5,5,5,4,5,5,5,5,5,5,5,5,5,
ZoneInfoCompiler_ESTest::test10 ,4,7,5,3,5,5,5,4,7,1,0,5,5,6,5,4,5,5,5,5,5,5,5,5,5,5,4,5,5,5,5,5,5,5,5,4,5,5,5,5,5,5,5,5,5,
ZoneInfoCompiler_ESTest::test11 ,2,7,1,5,0,3,1,4,11,5,5,0,2,6,4,2,1,2,3,1,0,0,1,1,3,3,3,3,3,3,3,3,3,3,3,2,0,3,3,3,3,3,3,3,2,
ZoneInfoCompiler_ESTest::test12 ,2,7,2,4,2,3,1,3,10,5,5,2,0,4,3,1,1,1,2,1,2,2,1,1,2,2,2,2,1,2,2,2,2,2,2,2,2,3,3,3,3,3,3,3,2,
ZoneInfoCompiler_ESTest::test13 ,5,6,5,5,6,4,5,5,9,6,6,6,4,0,4,4,5,5,5,5,6,6,5,5,5,5,5,5,4,5,5,5,5,5,5,5,6,4,5,4,3,3,3,3,4,
ZoneInfoCompiler_ESTest::test14 ,3,6,3,5,4,3,3,4,11,5,5,4,3,4,0,4,3,4,4,4,4,4,3,4,4,4,4,4,3,4,4,4,4,4,4,3,4,3,2,2,3,3,3,3,3,
ZoneInfoCompiler_ESTest::test15 ,2,7,2,4,2,3,2,3,9,4,4,2,1,4,4,0,2,1,2,1,2,2,2,1,2,2,2,2,2,2,2,2,2,2,2,2,2,3,3,3,3,3,3,3,2,
ZoneInfoCompiler_ESTest::test16 ,2,7,1,5,1,3,0,4,11,5,5,1,1,5,3,2,0,2,3,1,1,1,0,1,3,3,3,3,2,3,3,3,3,3,3,2,1,3,3,2,3,3,3,3,2,
ZoneInfoCompiler_ESTest::test17 ,2,7,2,4,2,3,2,3,10,5,5,2,1,5,4,1,2,0,2,1,2,2,2,1,2,2,2,2,2,2,2,2,2,2,2,2,2,3,3,3,3,3,3,3,2,
ZoneInfoCompiler_ESTest::test18 ,3,6,3,4,3,3,3,3,10,5,5,3,2,5,4,2,3,2,0,2,3,3,3,2,2,2,2,2,2,2,2,2,2,2,2,3,3,3,3,3,3,3,3,3,3,
ZoneInfoCompiler_ESTest::test19 ,2,7,1,4,1,3,1,3,10,5,5,1,1,5,4,1,1,1,2,0,1,1,1,0,2,2,2,2,2,2,2,2,2,2,2,2,1,3,3,3,3,3,3,3,2,
ZoneInfoCompiler_ESTest::test20 ,2,7,1,5,0,3,1,4,11,5,5,0,2,6,4,2,1,2,3,1,0,0,1,1,3,3,3,3,3,3,3,3,3,3,3,2,0,3,3,3,3,3,3,3,2,
ZoneInfoCompiler_ESTest::test21 ,2,7,1,5,0,3,1,4,11,5,5,0,2,6,4,2,1,2,3,1,0,0,1,1,3,3,3,3,3,3,3,3,3,3,3,2,0,3,3,3,3,3,3,3,2,
ZoneInfoCompiler_ESTest::test22 ,2,7,1,5,1,3,0,4,11,5,5,1,1,5,3,2,0,2,3,1,1,1,0,1,3,3,3,3,2,3,3,3,3,3,3,2,1,3,3,2,3,3,3,3,2,
ZoneInfoCompiler_ESTest::test23 ,2,7,1,4,1,3,1,3,10,5,5,1,1,5,4,1,1,1,2,0,1,1,1,0,2,2,2,2,2,2,2,2,2,2,2,2,1,3,3,3,3,3,3,3,2,
ZoneInfoCompiler_ESTest::test24 ,3,7,3,4,3,3,3,3,10,5,5,3,2,5,4,2,3,2,2,2,3,3,3,2,0,1,1,1,1,1,1,1,1,1,1,3,3,3,3,3,3,3,3,3,3,
ZoneInfoCompiler_ESTest::test25 ,3,7,3,4,3,3,3,3,10,5,5,3,2,5,4,2,3,2,2,2,3,3,3,2,1,0,1,1,1,1,1,1,1,1,1,3,3,3,3,3,3,3,3,3,3,
ZoneInfoCompiler_ESTest::test26 ,3,7,3,3,3,3,3,3,9,4,4,3,2,5,4,2,3,2,2,2,3,3,3,2,1,1,0,1,1,1,1,1,1,1,1,3,3,3,3,3,3,3,3,3,3,
ZoneInfoCompiler_ESTest::test27 ,3,7,3,4,3,3,3,3,10,5,5,3,2,5,4,2,3,2,2,2,3,3,3,2,1,1,1,0,1,1,1,1,1,1,1,3,3,3,3,3,3,3,3,3,3,
ZoneInfoCompiler_ESTest::test28 ,3,7,3,4,3,3,2,3,10,5,5,3,1,4,3,2,2,2,2,2,3,3,2,2,1,1,1,1,0,1,1,1,1,1,1,3,3,3,3,3,3,3,3,3,3,
ZoneInfoCompiler_ESTest::test29 ,3,7,3,4,3,3,3,3,10,5,5,3,2,5,4,2,3,2,2,2,3,3,3,2,1,1,1,1,1,0,1,1,1,1,1,3,3,3,3,3,3,3,3,3,3,
ZoneInfoCompiler_ESTest::test30 ,3,7,3,4,3,3,3,3,10,5,5,3,2,5,4,2,3,2,2,2,3,3,3,2,1,1,1,1,1,1,0,1,1,1,1,3,3,3,3,3,3,3,3,3,3,
ZoneInfoCompiler_ESTest::test31 ,3,7,3,4,3,3,3,3,10,5,5,3,2,5,4,2,3,2,2,2,3,3,3,2,1,1,1,1,1,1,1,0,1,1,1,3,3,3,3,3,3,3,3,3,3,
ZoneInfoCompiler_ESTest::test32 ,3,7,3,4,3,3,3,3,10,5,5,3,2,5,4,2,3,2,2,2,3,3,3,2,1,1,1,1,1,1,1,1,0,1,1,3,3,3,3,3,3,3,3,3,3,
ZoneInfoCompiler_ESTest::test33 ,3,7,3,4,3,3,3,3,10,5,5,3,2,5,4,2,3,2,2,2,3,3,3,2,1,1,1,1,1,1,1,1,1,0,1,3,3,3,3,3,3,3,3,3,3,
ZoneInfoCompiler_ESTest::test34 ,3,7,3,4,3,3,3,3,10,5,5,3,2,5,4,2,3,2,2,2,3,3,3,2,1,1,1,1,1,1,1,1,1,1,0,3,3,3,3,3,3,3,3,3,3,
ZoneInfoCompiler_ESTest::test35 ,0,6,1,4,2,2,2,4,10,4,4,2,2,5,3,2,2,2,3,2,2,2,2,2,3,3,3,3,3,3,3,3,3,3,3,0,2,1,2,2,2,2,2,2,1,
ZoneInfoCompiler_ESTest::test36 ,2,7,1,5,0,3,1,4,11,5,5,0,2,6,4,2,1,2,3,1,0,0,1,1,3,3,3,3,3,3,3,3,3,3,3,2,0,3,3,3,3,3,3,3,2,
ZoneInfoCompiler_ESTest::test37 ,1,5,2,5,3,2,3,4,11,5,5,3,3,4,3,3,3,3,3,3,3,3,3,3,3,3,3,3,3,3,3,3,3,3,3,1,3,0,2,2,1,1,1,1,1,
ZoneInfoCompiler_ESTest::test38 ,2,6,2,5,3,1,3,4,11,5,5,3,3,5,2,3,3,3,3,3,3,3,3,3,3,3,3,3,3,3,3,3,3,3,3,2,3,2,0,1,2,2,2,2,2,
ZoneInfoCompiler_ESTest::test40 ,2,6,2,5,3,1,2,4,11,5,5,3,3,4,2,3,2,3,3,3,3,3,2,3,3,3,3,3,3,3,3,3,3,3,3,2,3,2,1,0,2,2,2,2,2,
ZoneInfoCompiler_ESTest::test41 ,2,5,2,5,3,1,3,4,11,5,5,3,3,3,3,3,3,3,3,3,3,3,3,3,3,3,3,3,3,3,3,3,3,3,3,2,3,1,2,2,0,0,0,0,1,
ZoneInfoCompiler_ESTest::test42 ,2,5,2,5,3,1,3,4,11,5,5,3,3,3,3,3,3,3,3,3,3,3,3,3,3,3,3,3,3,3,3,3,3,3,3,2,3,1,2,2,0,0,0,0,1,
ZoneInfoCompiler_ESTest::test43 ,2,5,2,5,3,1,3,4,11,5,5,3,3,3,3,3,3,3,3,3,3,3,3,3,3,3,3,3,3,3,3,3,3,3,3,2,3,1,2,2,0,0,0,0,1,
ZoneInfoCompiler_ESTest::test44 ,2,5,2,5,3,1,3,4,11,5,5,3,3,3,3,3,3,3,3,3,3,3,3,3,3,3,3,3,3,3,3,3,3,3,3,2,3,1,2,2,0,0,0,0,1,
ZoneInfoCompiler_ESTest::test45 ,1,5,1,5,2,1,2,4,11,5,5,2,2,4,3,2,2,2,3,2,2,2,2,2,3,3,3,3,3,3,3,3,3,3,3,1,2,1,2,2,1,1,1,1,0,
