:,RegressionTest0::test001,RegressionTest0::test002,RegressionTest0::test003,RegressionTest0::test004,RegressionTest0::test005,RegressionTest0::test006,RegressionTest0::test007,RegressionTest0::test008,RegressionTest0::test009,RegressionTest0::test010,RegressionTest0::test011,RegressionTest0::test012,RegressionTest0::test013,RegressionTest0::test014,RegressionTest0::test015,RegressionTest0::test016,RegressionTest0::test017,RegressionTest0::test018,RegressionTest0::test019,RegressionTest0::test020,RegressionTest0::test021,RegressionTest0::test022,RegressionTest0::test023,RegressionTest0::test024,RegressionTest0::test025,RegressionTest0::test026,RegressionTest0::test027,RegressionTest0::test028,RegressionTest0::test029,RegressionTest0::test030,RegressionTest0::test031,RegressionTest0::test032,RegressionTest0::test033,RegressionTest0::test034,RegressionTest0::test035,RegressionTest0::test036,RegressionTest0::test037,RegressionTest0::test038,RegressionTest0::test039,RegressionTest0::test040,RegressionTest0::test041,RegressionTest0::test042,RegressionTest0::test043,RegressionTest0::test044,RegressionTest0::test045,RegressionTest0::test046,RegressionTest0::test047,RegressionTest0::test048,RegressionTest0::test049,RegressionTest0::test050,RegressionTest0::test051,RegressionTest0::test052,RegressionTest0::test053,RegressionTest0::test054,RegressionTest0::test055,RegressionTest0::test056,RegressionTest0::test057,RegressionTest0::test058,RegressionTest0::test059,RegressionTest0::test060,RegressionTest0::test061,RegressionTest0::test062,RegressionTest0::test063,RegressionTest0::test064,RegressionTest0::test065,RegressionTest0::test066,RegressionTest0::test067,RegressionTest0::test068,RegressionTest0::test069,RegressionTest0::test070,RegressionTest0::test071,RegressionTest0::test072,RegressionTest0::test073,RegressionTest0::test074,RegressionTest0::test075,RegressionTest0::test076,RegressionTest0::test077,RegressionTest0::test078,RegressionTest0::test079,RegressionTest0::test080,RegressionTest0::test081,RegressionTest0::test082,RegressionTest0::test083,RegressionTest0::test084,RegressionTest0::test085,RegressionTest0::test086,RegressionTest0::test087,RegressionTest0::test088,RegressionTest0::test089,RegressionTest0::test090,RegressionTest0::test091,RegressionTest0::test092,RegressionTest0::test093,RegressionTest0::test094,RegressionTest0::test095,RegressionTest0::test096,RegressionTest0::test097,RegressionTest0::test098,RegressionTest0::test099,RegressionTest0::test100,RegressionTest0::test101,RegressionTest0::test102,RegressionTest0::test103,RegressionTest0::test104,RegressionTest0::test105,RegressionTest0::test106,RegressionTest0::test107,RegressionTest0::test108,RegressionTest0::test109,RegressionTest0::test110,RegressionTest0::test111,RegressionTest0::test112,RegressionTest0::test113,RegressionTest0::test114,RegressionTest0::test115,RegressionTest0::test116,RegressionTest0::test117,RegressionTest0::test118,RegressionTest0::test119,RegressionTest0::test120,RegressionTest0::test121,RegressionTest0::test122,RegressionTest0::test123,RegressionTest0::test124,RegressionTest0::test125,RegressionTest0::test126,RegressionTest0::test127,RegressionTest0::test128,RegressionTest0::test129,RegressionTest0::test130,RegressionTest0::test131,RegressionTest0::test132,RegressionTest0::test133,RegressionTest0::test134,RegressionTest0::test135,RegressionTest0::test136,RegressionTest0::test137,RegressionTest0::test138,RegressionTest0::test139,RegressionTest0::test140,RegressionTest0::test141,RegressionTest0::test142,RegressionTest0::test143,RegressionTest0::test144,RegressionTest0::test145,RegressionTest0::test146,RegressionTest0::test147,RegressionTest0::test148,RegressionTest0::test149,RegressionTest0::test150,RegressionTest0::test151,RegressionTest0::test152,RegressionTest0::test153,RegressionTest0::test154,RegressionTest0::test155,RegressionTest0::test156,RegressionTest0::test157,RegressionTest0::test158,RegressionTest0::test159,RegressionTest0::test160,RegressionTest0::test161,RegressionTest0::test162,RegressionTest0::test163,RegressionTest0::test164,RegressionTest0::test165,RegressionTest0::test166,RegressionTest0::test167,RegressionTest0::test168,RegressionTest0::test169,RegressionTest0::test170,RegressionTest0::test171,RegressionTest0::test172,RegressionTest0::test173,RegressionTest0::test174,RegressionTest0::test175,RegressionTest0::test176,RegressionTest0::test177,RegressionTest0::test178,RegressionTest0::test179,RegressionTest0::test180,RegressionTest0::test181,RegressionTest0::test182,RegressionTest0::test183,RegressionTest0::test184,RegressionTest0::test185,RegressionTest0::test186,RegressionTest0::test187,RegressionTest0::test188,RegressionTest0::test189,RegressionTest0::test190,RegressionTest0::test191,RegressionTest0::test192,RegressionTest0::test193,RegressionTest0::test194,RegressionTest0::test195,RegressionTest0::test196,RegressionTest0::test197,RegressionTest0::test198,RegressionTest0::test199,
RegressionTest0::test001 ,0,0,0,0,2,1,1,0,0,0,0,0,2,1,0,0,0,0,1,1,0,0,0,0,0,0,0,0,0,0,1,0,0,1,0,0,4,0,1,8,1,1,1,0,0,2,2,4,1,1,0,0,0,0,0,0,0,0,0,4,7,0,0,2,4,0,0,0,0,1,0,1,0,8,0,0,0,0,0,4,7,0,4,2,8,2,8,0,0,2,4,0,0,0,7,0,4,0,1,8,4,2,1,2,2,4,0,0,1,10,0,0,4,0,0,0,0,2,4,0,2,1,0,1,0,0,0,0,0,1,4,2,0,1,0,0,0,1,0,1,1,1,0,1,1,1,2,0,0,1,0,1,0,0,1,1,0,1,1,1,0,0,0,0,0,1,0,1,1,1,1,1,0,2,0,2,1,2,1,0,0,1,1,1,1,0,0,0,1,1,0,0,0,0,0,0,0,1,1,
RegressionTest0::test002 ,0,0,0,0,2,1,1,0,0,0,0,0,2,1,0,0,0,0,1,1,0,0,0,0,0,0,0,0,0,0,1,0,0,1,0,0,4,0,1,8,1,1,1,0,0,2,2,4,1,1,0,0,0,0,0,0,0,0,0,4,7,0,0,2,4,0,0,0,0,1,0,1,0,8,0,0,0,0,0,4,7,0,4,2,8,2,8,0,0,2,4,0,0,0,7,0,4,0,1,8,4,2,1,2,2,4,0,0,1,10,0,0,4,0,0,0,0,2,4,0,2,1,0,1,0,0,0,0,0,1,4,2,0,1,0,0,0,1,0,1,1,1,0,1,1,1,2,0,0,1,0,1,0,0,1,1,0,1,1,1,0,0,0,0,0,1,0,1,1,1,1,1,0,2,0,2,1,2,1,0,0,1,1,1,1,0,0,0,1,1,0,0,0,0,0,0,0,1,1,
RegressionTest0::test003 ,0,0,0,0,2,1,1,0,0,0,0,0,2,1,0,0,0,0,1,1,0,0,0,0,0,0,0,0,0,0,1,0,0,1,0,0,4,0,1,8,1,1,1,0,0,2,2,4,1,1,0,0,0,0,0,0,0,0,0,4,7,0,0,2,4,0,0,0,0,1,0,1,0,8,0,0,0,0,0,4,7,0,4,2,8,2,8,0,0,2,4,0,0,0,7,0,4,0,1,8,4,2,1,2,2,4,0,0,1,10,0,0,4,0,0,0,0,2,4,0,2,1,0,1,0,0,0,0,0,1,4,2,0,1,0,0,0,1,0,1,1,1,0,1,1,1,2,0,0,1,0,1,0,0,1,1,0,1,1,1,0,0,0,0,0,1,0,1,1,1,1,1,0,2,0,2,1,2,1,0,0,1,1,1,1,0,0,0,1,1,0,0,0,0,0,0,0,1,1,
RegressionTest0::test004 ,0,0,0,0,2,1,1,0,0,0,0,0,2,1,0,0,0,0,1,1,0,0,0,0,0,0,0,0,0,0,1,0,0,1,0,0,4,0,1,8,1,1,1,0,0,2,2,4,1,1,0,0,0,0,0,0,0,0,0,4,7,0,0,2,4,0,0,0,0,1,0,1,0,8,0,0,0,0,0,4,7,0,4,2,8,2,8,0,0,2,4,0,0,0,7,0,4,0,1,8,4,2,1,2,2,4,0,0,1,10,0,0,4,0,0,0,0,2,4,0,2,1,0,1,0,0,0,0,0,1,4,2,0,1,0,0,0,1,0,1,1,1,0,1,1,1,2,0,0,1,0,1,0,0,1,1,0,1,1,1,0,0,0,0,0,1,0,1,1,1,1,1,0,2,0,2,1,2,1,0,0,1,1,1,1,0,0,0,1,1,0,0,0,0,0,0,0,1,1,
RegressionTest0::test005 ,2,2,2,2,0,2,2,2,2,2,2,2,1,3,2,2,2,2,3,3,2,2,2,2,2,2,2,2,2,2,2,2,2,2,2,2,4,2,2,8,2,3,2,2,2,1,1,4,3,3,2,2,2,2,2,2,2,2,2,4,6,2,2,1,4,2,2,2,2,3,2,2,2,8,2,2,2,2,2,2,6,2,4,1,8,1,8,2,2,1,4,2,2,2,6,2,4,2,3,8,4,1,3,1,1,4,2,2,3,9,2,2,2,2,2,2,2,1,4,2,0,2,2,2,2,2,2,2,2,3,2,1,2,3,2,2,2,3,2,2,2,2,2,2,2,3,0,2,2,2,2,2,2,2,3,2,2,2,2,3,2,2,2,2,2,2,2,2,2,3,2,2,2,1,2,1,2,0,3,2,2,2,2,3,2,2,2,2,2,2,2,2,2,2,2,2,2,3,2,
RegressionTest0::test006 ,1,1,1,1,2,0,1,1,1,1,1,1,2,2,1,1,1,1,2,2,1,1,1,1,1,1,1,1,1,1,0,1,1,1,1,1,4,1,1,8,1,2,1,1,1,2,2,4,2,2,1,1,1,1,1,1,1,1,1,4,7,1,1,2,4,1,1,1,1,2,1,1,1,8,1,1,1,1,1,4,7,1,4,2,8,2,8,1,1,2,4,1,1,1,7,1,4,1,2,8,4,2,2,2,2,4,1,1,2,10,1,1,4,1,1,1,1,2,4,1,2,1,1,1,1,1,1,1,1,2,4,2,1,2,1,1,1,2,1,1,1,1,1,1,1,2,2,1,1,1,1,1,1,1,2,1,1,1,1,2,1,1,1,1,1,1,1,1,1,2,1,1,1,2,1,2,1,2,2,1,1,1,1,2,1,1,1,1,1,1,1,1,1,1,1,1,1,2,1,
RegressionTest0::test007 ,1,1,1,1,2,1,0,1,1,1,1,1,2,2,1,1,1,1,2,2,1,1,1,1,1,1,1,1,1,1,1,1,1,0,1,1,3,1,1,7,1,2,1,1,1,2,2,3,2,2,1,1,1,1,1,1,1,1,1,3,6,1,1,2,3,1,1,1,1,2,1,1,1,7,1,1,1,1,1,4,6,1,3,2,7,2,7,1,1,2,3,1,1,1,6,1,3,1,2,7,3,2,2,2,2,3,1,1,2,9,1,1,4,1,1,1,1,2,3,1,2,1,1,0,1,1,1,1,1,2,4,2,1,2,1,1,1,2,1,1,1,1,1,1,1,2,2,1,1,1,1,1,1,1,2,1,1,1,1,2,1,1,1,1,1,1,1,1,1,2,1,1,1,2,1,2,1,2,2,1,1,1,1,2,1,1,1,1,1,1,1,1,1,1,1,1,1,2,1,
RegressionTest0::test008 ,0,0,0,0,2,1,1,0,0,0,0,0,2,1,0,0,0,0,1,1,0,0,0,0,0,0,0,0,0,0,1,0,0,1,0,0,4,0,1,8,1,1,1,0,0,2,2,4,1,1,0,0,0,0,0,0,0,0,0,4,7,0,0,2,4,0,0,0,0,1,0,1,0,8,0,0,0,0,0,4,7,0,4,2,8,2,8,0,0,2,4,0,0,0,7,0,4,0,1,8,4,2,1,2,2,4,0,0,1,10,0,0,4,0,0,0,0,2,4,0,2,1,0,1,0,0,0,0,0,1,4,2,0,1,0,0,0,1,0,1,1,1,0,1,1,1,2,0,0,1,0,1,0,0,1,1,0,1,1,1,0,0,0,0,0,1,0,1,1,1,1,1,0,2,0,2,1,2,1,0,0,1,1,1,1,0,0,0,1,1,0,0,0,0,0,0,0,1,1,
RegressionTest0::test009 ,0,0,0,0,2,1,1,0,0,0,0,0,2,1,0,0,0,0,1,1,0,0,0,0,0,0,0,0,0,0,1,0,0,1,0,0,4,0,1,8,1,1,1,0,0,2,2,4,1,1,0,0,0,0,0,0,0,0,0,4,7,0,0,2,4,0,0,0,0,1,0,1,0,8,0,0,0,0,0,4,7,0,4,2,8,2,8,0,0,2,4,0,0,0,7,0,4,0,1,8,4,2,1,2,2,4,0,0,1,10,0,0,4,0,0,0,0,2,4,0,2,1,0,1,0,0,0,0,0,1,4,2,0,1,0,0,0,1,0,1,1,1,0,1,1,1,2,0,0,1,0,1,0,0,1,1,0,1,1,1,0,0,0,0,0,1,0,1,1,1,1,1,0,2,0,2,1,2,1,0,0,1,1,1,1,0,0,0,1,1,0,0,0,0,0,0,0,1,1,
RegressionTest0::test010 ,0,0,0,0,2,1,1,0,0,0,0,0,2,1,0,0,0,0,1,1,0,0,0,0,0,0,0,0,0,0,1,0,0,1,0,0,4,0,1,8,1,1,1,0,0,2,2,4,1,1,0,0,0,0,0,0,0,0,0,4,7,0,0,2,4,0,0,0,0,1,0,1,0,8,0,0,0,0,0,4,7,0,4,2,8,2,8,0,0,2,4,0,0,0,7,0,4,0,1,8,4,2,1,2,2,4,0,0,1,10,0,0,4,0,0,0,0,2,4,0,2,1,0,1,0,0,0,0,0,1,4,2,0,1,0,0,0,1,0,1,1,1,0,1,1,1,2,0,0,1,0,1,0,0,1,1,0,1,1,1,0,0,0,0,0,1,0,1,1,1,1,1,0,2,0,2,1,2,1,0,0,1,1,1,1,0,0,0,1,1,0,0,0,0,0,0,0,1,1,
RegressionTest0::test011 ,0,0,0,0,2,1,1,0,0,0,0,0,2,1,0,0,0,0,1,1,0,0,0,0,0,0,0,0,0,0,1,0,0,1,0,0,4,0,1,8,1,1,1,0,0,2,2,4,1,1,0,0,0,0,0,0,0,0,0,4,7,0,0,2,4,0,0,0,0,1,0,1,0,8,0,0,0,0,0,4,7,0,4,2,8,2,8,0,0,2,4,0,0,0,7,0,4,0,1,8,4,2,1,2,2,4,0,0,1,10,0,0,4,0,0,0,0,2,4,0,2,1,0,1,0,0,0,0,0,1,4,2,0,1,0,0,0,1,0,1,1,1,0,1,1,1,2,0,0,1,0,1,0,0,1,1,0,1,1,1,0,0,0,0,0,1,0,1,1,1,1,1,0,2,0,2,1,2,1,0,0,1,1,1,1,0,0,0,1,1,0,0,0,0,0,0,0,1,1,
RegressionTest0::test012 ,0,0,0,0,2,1,1,0,0,0,0,0,2,1,0,0,0,0,1,1,0,0,0,0,0,0,0,0,0,0,1,0,0,1,0,0,4,0,1,8,1,1,1,0,0,2,2,4,1,1,0,0,0,0,0,0,0,0,0,4,7,0,0,2,4,0,0,0,0,1,0,1,0,8,0,0,0,0,0,4,7,0,4,2,8,2,8,0,0,2,4,0,0,0,7,0,4,0,1,8,4,2,1,2,2,4,0,0,1,10,0,0,4,0,0,0,0,2,4,0,2,1,0,1,0,0,0,0,0,1,4,2,0,1,0,0,0,1,0,1,1,1,0,1,1,1,2,0,0,1,0,1,0,0,1,1,0,1,1,1,0,0,0,0,0,1,0,1,1,1,1,1,0,2,0,2,1,2,1,0,0,1,1,1,1,0,0,0,1,1,0,0,0,0,0,0,0,1,1,
RegressionTest0::test013 ,2,2,2,2,1,2,2,2,2,2,2,2,0,3,2,2,2,2,3,3,2,2,2,2,2,2,2,2,2,2,2,2,2,2,2,2,4,2,2,8,2,3,2,2,2,1,1,4,3,3,2,2,2,2,2,2,2,2,2,4,6,2,2,1,4,2,2,2,2,3,2,2,2,8,2,2,2,2,2,3,6,2,4,1,8,1,8,2,2,1,4,2,2,2,6,2,4,2,3,8,4,1,3,1,1,4,2,2,3,9,2,2,3,2,2,2,2,1,4,2,1,2,2,2,2,2,2,2,2,3,3,1,2,3,2,2,2,3,2,2,2,2,2,2,2,3,1,2,2,2,2,2,2,2,3,2,2,2,2,3,2,2,2,2,2,2,2,2,2,3,2,2,2,1,2,1,2,1,3,2,2,2,2,3,2,2,2,2,2,2,2,2,2,2,2,2,2,3,2,
RegressionTest0::test014 ,1,1,1,1,3,2,2,1,1,1,1,1,3,0,1,1,1,1,0,0,1,1,1,1,1,1,1,1,1,1,2,1,1,2,1,1,5,1,2,9,2,0,2,1,1,3,3,5,0,0,1,1,1,1,1,1,1,1,1,5,8,1,1,3,5,1,1,1,1,0,1,2,1,9,1,1,1,1,1,5,8,1,5,3,9,3,9,1,1,3,5,1,1,1,8,1,5,1,0,9,5,3,0,3,3,5,1,1,0,11,1,1,5,1,1,1,1,3,5,1,3,2,1,2,1,1,1,1,1,0,5,3,1,0,1,1,1,0,1,2,2,2,1,2,2,0,3,1,1,2,1,2,1,1,0,2,1,2,2,0,1,1,1,1,1,2,1,2,2,0,2,2,1,3,1,3,2,3,0,1,1,2,2,0,2,1,1,1,2,2,1,1,1,1,1,1,1,0,2,
RegressionTest0::test015 ,0,0,0,0,2,1,1,0,0,0,0,0,2,1,0,0,0,0,1,1,0,0,0,0,0,0,0,0,0,0,1,0,0,1,0,0,4,0,1,8,1,1,1,0,0,2,2,4,1,1,0,0,0,0,0,0,0,0,0,4,7,0,0,2,4,0,0,0,0,1,0,1,0,8,0,0,0,0,0,4,7,0,4,2,8,2,8,0,0,2,4,0,0,0,7,0,4,0,1,8,4,2,1,2,2,4,0,0,1,10,0,0,4,0,0,0,0,2,4,0,2,1,0,1,0,0,0,0,0,1,4,2,0,1,0,0,0,1,0,1,1,1,0,1,1,1,2,0,0,1,0,1,0,0,1,1,0,1,1,1,0,0,0,0,0,1,0,1,1,1,1,1,0,2,0,2,1,2,1,0,0,1,1,1,1,0,0,0,1,1,0,0,0,0,0,0,0,1,1,
RegressionTest0::test016 ,0,0,0,0,2,1,1,0,0,0,0,0,2,1,0,0,0,0,1,1,0,0,0,0,0,0,0,0,0,0,1,0,0,1,0,0,4,0,1,8,1,1,1,0,0,2,2,4,1,1,0,0,0,0,0,0,0,0,0,4,7,0,0,2,4,0,0,0,0,1,0,1,0,8,0,0,0,0,0,4,7,0,4,2,8,2,8,0,0,2,4,0,0,0,7,0,4,0,1,8,4,2,1,2,2,4,0,0,1,10,0,0,4,0,0,0,0,2,4,0,2,1,0,1,0,0,0,0,0,1,4,2,0,1,0,0,0,1,0,1,1,1,0,1,1,1,2,0,0,1,0,1,0,0,1,1,0,1,1,1,0,0,0,0,0,1,0,1,1,1,1,1,0,2,0,2,1,2,1,0,0,1,1,1,1,0,0,0,1,1,0,0,0,0,0,0,0,1,1,
RegressionTest0::test017 ,0,0,0,0,2,1,1,0,0,0,0,0,2,1,0,0,0,0,1,1,0,0,0,0,0,0,0,0,0,0,1,0,0,1,0,0,4,0,1,8,1,1,1,0,0,2,2,4,1,1,0,0,0,0,0,0,0,0,0,4,7,0,0,2,4,0,0,0,0,1,0,1,0,8,0,0,0,0,0,4,7,0,4,2,8,2,8,0,0,2,4,0,0,0,7,0,4,0,1,8,4,2,1,2,2,4,0,0,1,10,0,0,4,0,0,0,0,2,4,0,2,1,0,1,0,0,0,0,0,1,4,2,0,1,0,0,0,1,0,1,1,1,0,1,1,1,2,0,0,1,0,1,0,0,1,1,0,1,1,1,0,0,0,0,0,1,0,1,1,1,1,1,0,2,0,2,1,2,1,0,0,1,1,1,1,0,0,0,1,1,0,0,0,0,0,0,0,1,1,
RegressionTest0::test018 ,0,0,0,0,2,1,1,0,0,0,0,0,2,1,0,0,0,0,1,1,0,0,0,0,0,0,0,0,0,0,1,0,0,1,0,0,4,0,1,8,1,1,1,0,0,2,2,4,1,1,0,0,0,0,0,0,0,0,0,4,7,0,0,2,4,0,0,0,0,1,0,1,0,8,0,0,0,0,0,4,7,0,4,2,8,2,8,0,0,2,4,0,0,0,7,0,4,0,1,8,4,2,1,2,2,4,0,0,1,10,0,0,4,0,0,0,0,2,4,0,2,1,0,1,0,0,0,0,0,1,4,2,0,1,0,0,0,1,0,1,1,1,0,1,1,1,2,0,0,1,0,1,0,0,1,1,0,1,1,1,0,0,0,0,0,1,0,1,1,1,1,1,0,2,0,2,1,2,1,0,0,1,1,1,1,0,0,0,1,1,0,0,0,0,0,0,0,1,1,
RegressionTest0::test019 ,1,1,1,1,3,2,2,1,1,1,1,1,3,0,1,1,1,1,0,0,1,1,1,1,1,1,1,1,1,1,2,1,1,2,1,1,5,1,2,9,2,0,2,1,1,3,3,5,0,0,1,1,1,1,1,1,1,1,1,5,8,1,1,3,5,1,1,1,1,0,1,2,1,9,1,1,1,1,1,5,8,1,5,3,9,3,9,1,1,3,5,1,1,1,8,1,5,1,0,9,5,3,0,3,3,5,1,1,0,11,1,1,5,1,1,1,1,3,5,1,3,2,1,2,1,1,1,1,1,0,5,3,1,0,1,1,1,0,1,2,2,2,1,2,2,0,3,1,1,2,1,2,1,1,0,2,1,2,2,0,1,1,1,1,1,2,1,2,2,0,2,2,1,3,1,3,2,3,0,1,1,2,2,0,2,1,1,1,2,2,1,1,1,1,1,1,1,0,2,
RegressionTest0::test020 ,1,1,1,1,3,2,2,1,1,1,1,1,3,0,1,1,1,1,0,0,1,1,1,1,1,1,1,1,1,1,2,1,1,2,1,1,5,1,2,9,2,0,2,1,1,3,3,5,0,0,1,1,1,1,1,1,1,1,1,5,8,1,1,3,5,1,1,1,1,0,1,2,1,9,1,1,1,1,1,5,8,1,5,3,9,3,9,1,1,3,5,1,1,1,8,1,5,1,0,9,5,3,0,3,3,5,1,1,0,11,1,1,5,1,1,1,1,3,5,1,3,2,1,2,1,1,1,1,1,0,5,3,1,0,1,1,1,0,1,2,2,2,1,2,2,0,3,1,1,2,1,2,1,1,0,2,1,2,2,0,1,1,1,1,1,2,1,2,2,0,2,2,1,3,1,3,2,3,0,1,1,2,2,0,2,1,1,1,2,2,1,1,1,1,1,1,1,0,2,
RegressionTest0::test021 ,0,0,0,0,2,1,1,0,0,0,0,0,2,1,0,0,0,0,1,1,0,0,0,0,0,0,0,0,0,0,1,0,0,1,0,0,4,0,1,8,1,1,1,0,0,2,2,4,1,1,0,0,0,0,0,0,0,0,0,4,7,0,0,2,4,0,0,0,0,1,0,1,0,8,0,0,0,0,0,4,7,0,4,2,8,2,8,0,0,2,4,0,0,0,7,0,4,0,1,8,4,2,1,2,2,4,0,0,1,10,0,0,4,0,0,0,0,2,4,0,2,1,0,1,0,0,0,0,0,1,4,2,0,1,0,0,0,1,0,1,1,1,0,1,1,1,2,0,0,1,0,1,0,0,1,1,0,1,1,1,0,0,0,0,0,1,0,1,1,1,1,1,0,2,0,2,1,2,1,0,0,1,1,1,1,0,0,0,1,1,0,0,0,0,0,0,0,1,1,
RegressionTest0::test022 ,0,0,0,0,2,1,1,0,0,0,0,0,2,1,0,0,0,0,1,1,0,0,0,0,0,0,0,0,0,0,1,0,0,1,0,0,4,0,1,8,1,1,1,0,0,2,2,4,1,1,0,0,0,0,0,0,0,0,0,4,7,0,0,2,4,0,0,0,0,1,0,1,0,8,0,0,0,0,0,4,7,0,4,2,8,2,8,0,0,2,4,0,0,0,7,0,4,0,1,8,4,2,1,2,2,4,0,0,1,10,0,0,4,0,0,0,0,2,4,0,2,1,0,1,0,0,0,0,0,1,4,2,0,1,0,0,0,1,0,1,1,1,0,1,1,1,2,0,0,1,0,1,0,0,1,1,0,1,1,1,0,0,0,0,0,1,0,1,1,1,1,1,0,2,0,2,1,2,1,0,0,1,1,1,1,0,0,0,1,1,0,0,0,0,0,0,0,1,1,
RegressionTest0::test023 ,0,0,0,0,2,1,1,0,0,0,0,0,2,1,0,0,0,0,1,1,0,0,0,0,0,0,0,0,0,0,1,0,0,1,0,0,4,0,1,8,1,1,1,0,0,2,2,4,1,1,0,0,0,0,0,0,0,0,0,4,7,0,0,2,4,0,0,0,0,1,0,1,0,8,0,0,0,0,0,4,7,0,4,2,8,2,8,0,0,2,4,0,0,0,7,0,4,0,1,8,4,2,1,2,2,4,0,0,1,10,0,0,4,0,0,0,0,2,4,0,2,1,0,1,0,0,0,0,0,1,4,2,0,1,0,0,0,1,0,1,1,1,0,1,1,1,2,0,0,1,0,1,0,0,1,1,0,1,1,1,0,0,0,0,0,1,0,1,1,1,1,1,0,2,0,2,1,2,1,0,0,1,1,1,1,0,0,0,1,1,0,0,0,0,0,0,0,1,1,
RegressionTest0::test024 ,0,0,0,0,2,1,1,0,0,0,0,0,2,1,0,0,0,0,1,1,0,0,0,0,0,0,0,0,0,0,1,0,0,1,0,0,4,0,1,8,1,1,1,0,0,2,2,4,1,1,0,0,0,0,0,0,0,0,0,4,7,0,0,2,4,0,0,0,0,1,0,1,0,8,0,0,0,0,0,4,7,0,4,2,8,2,8,0,0,2,4,0,0,0,7,0,4,0,1,8,4,2,1,2,2,4,0,0,1,10,0,0,4,0,0,0,0,2,4,0,2,1,0,1,0,0,0,0,0,1,4,2,0,1,0,0,0,1,0,1,1,1,0,1,1,1,2,0,0,1,0,1,0,0,1,1,0,1,1,1,0,0,0,0,0,1,0,1,1,1,1,1,0,2,0,2,1,2,1,0,0,1,1,1,1,0,0,0,1,1,0,0,0,0,0,0,0,1,1,
RegressionTest0::test025 ,0,0,0,0,2,1,1,0,0,0,0,0,2,1,0,0,0,0,1,1,0,0,0,0,0,0,0,0,0,0,1,0,0,1,0,0,4,0,1,8,1,1,1,0,0,2,2,4,1,1,0,0,0,0,0,0,0,0,0,4,7,0,0,2,4,0,0,0,0,1,0,1,0,8,0,0,0,0,0,4,7,0,4,2,8,2,8,0,0,2,4,0,0,0,7,0,4,0,1,8,4,2,1,2,2,4,0,0,1,10,0,0,4,0,0,0,0,2,4,0,2,1,0,1,0,0,0,0,0,1,4,2,0,1,0,0,0,1,0,1,1,1,0,1,1,1,2,0,0,1,0,1,0,0,1,1,0,1,1,1,0,0,0,0,0,1,0,1,1,1,1,1,0,2,0,2,1,2,1,0,0,1,1,1,1,0,0,0,1,1,0,0,0,0,0,0,0,1,1,
RegressionTest0::test026 ,0,0,0,0,2,1,1,0,0,0,0,0,2,1,0,0,0,0,1,1,0,0,0,0,0,0,0,0,0,0,1,0,0,1,0,0,4,0,1,8,1,1,1,0,0,2,2,4,1,1,0,0,0,0,0,0,0,0,0,4,7,0,0,2,4,0,0,0,0,1,0,1,0,8,0,0,0,0,0,4,7,0,4,2,8,2,8,0,0,2,4,0,0,0,7,0,4,0,1,8,4,2,1,2,2,4,0,0,1,10,0,0,4,0,0,0,0,2,4,0,2,1,0,1,0,0,0,0,0,1,4,2,0,1,0,0,0,1,0,1,1,1,0,1,1,1,2,0,0,1,0,1,0,0,1,1,0,1,1,1,0,0,0,0,0,1,0,1,1,1,1,1,0,2,0,2,1,2,1,0,0,1,1,1,1,0,0,0,1,1,0,0,0,0,0,0,0,1,1,
RegressionTest0::test027 ,0,0,0,0,2,1,1,0,0,0,0,0,2,1,0,0,0,0,1,1,0,0,0,0,0,0,0,0,0,0,1,0,0,1,0,0,4,0,1,8,1,1,1,0,0,2,2,4,1,1,0,0,0,0,0,0,0,0,0,4,7,0,0,2,4,0,0,0,0,1,0,1,0,8,0,0,0,0,0,4,7,0,4,2,8,2,8,0,0,2,4,0,0,0,7,0,4,0,1,8,4,2,1,2,2,4,0,0,1,10,0,0,4,0,0,0,0,2,4,0,2,1,0,1,0,0,0,0,0,1,4,2,0,1,0,0,0,1,0,1,1,1,0,1,1,1,2,0,0,1,0,1,0,0,1,1,0,1,1,1,0,0,0,0,0,1,0,1,1,1,1,1,0,2,0,2,1,2,1,0,0,1,1,1,1,0,0,0,1,1,0,0,0,0,0,0,0,1,1,
RegressionTest0::test028 ,0,0,0,0,2,1,1,0,0,0,0,0,2,1,0,0,0,0,1,1,0,0,0,0,0,0,0,0,0,0,1,0,0,1,0,0,4,0,1,8,1,1,1,0,0,2,2,4,1,1,0,0,0,0,0,0,0,0,0,4,7,0,0,2,4,0,0,0,0,1,0,1,0,8,0,0,0,0,0,4,7,0,4,2,8,2,8,0,0,2,4,0,0,0,7,0,4,0,1,8,4,2,1,2,2,4,0,0,1,10,0,0,4,0,0,0,0,2,4,0,2,1,0,1,0,0,0,0,0,1,4,2,0,1,0,0,0,1,0,1,1,1,0,1,1,1,2,0,0,1,0,1,0,0,1,1,0,1,1,1,0,0,0,0,0,1,0,1,1,1,1,1,0,2,0,2,1,2,1,0,0,1,1,1,1,0,0,0,1,1,0,0,0,0,0,0,0,1,1,
RegressionTest0::test029 ,0,0,0,0,2,1,1,0,0,0,0,0,2,1,0,0,0,0,1,1,0,0,0,0,0,0,0,0,0,0,1,0,0,1,0,0,4,0,1,8,1,1,1,0,0,2,2,4,1,1,0,0,0,0,0,0,0,0,0,4,7,0,0,2,4,0,0,0,0,1,0,1,0,8,0,0,0,0,0,4,7,0,4,2,8,2,8,0,0,2,4,0,0,0,7,0,4,0,1,8,4,2,1,2,2,4,0,0,1,10,0,0,4,0,0,0,0,2,4,0,2,1,0,1,0,0,0,0,0,1,4,2,0,1,0,0,0,1,0,1,1,1,0,1,1,1,2,0,0,1,0,1,0,0,1,1,0,1,1,1,0,0,0,0,0,1,0,1,1,1,1,1,0,2,0,2,1,2,1,0,0,1,1,1,1,0,0,0,1,1,0,0,0,0,0,0,0,1,1,
RegressionTest0::test030 ,0,0,0,0,2,1,1,0,0,0,0,0,2,1,0,0,0,0,1,1,0,0,0,0,0,0,0,0,0,0,1,0,0,1,0,0,4,0,1,8,1,1,1,0,0,2,2,4,1,1,0,0,0,0,0,0,0,0,0,4,7,0,0,2,4,0,0,0,0,1,0,1,0,8,0,0,0,0,0,4,7,0,4,2,8,2,8,0,0,2,4,0,0,0,7,0,4,0,1,8,4,2,1,2,2,4,0,0,1,10,0,0,4,0,0,0,0,2,4,0,2,1,0,1,0,0,0,0,0,1,4,2,0,1,0,0,0,1,0,1,1,1,0,1,1,1,2,0,0,1,0,1,0,0,1,1,0,1,1,1,0,0,0,0,0,1,0,1,1,1,1,1,0,2,0,2,1,2,1,0,0,1,1,1,1,0,0,0,1,1,0,0,0,0,0,0,0,1,1,
RegressionTest0::test031 ,1,1,1,1,2,0,1,1,1,1,1,1,2,2,1,1,1,1,2,2,1,1,1,1,1,1,1,1,1,1,0,1,1,1,1,1,4,1,1,8,1,2,1,1,1,2,2,4,2,2,1,1,1,1,1,1,1,1,1,4,7,1,1,2,4,1,1,1,1,2,1,1,1,8,1,1,1,1,1,4,7,1,4,2,8,2,8,1,1,2,4,1,1,1,7,1,4,1,2,8,4,2,2,2,2,4,1,1,2,10,1,1,4,1,1,1,1,2,4,1,2,1,1,1,1,1,1,1,1,2,4,2,1,2,1,1,1,2,1,1,1,1,1,1,1,2,2,1,1,1,1,1,1,1,2,1,1,1,1,2,1,1,1,1,1,1,1,1,1,2,1,1,1,2,1,2,1,2,2,1,1,1,1,2,1,1,1,1,1,1,1,1,1,1,1,1,1,2,1,
RegressionTest0::test032 ,0,0,0,0,2,1,1,0,0,0,0,0,2,1,0,0,0,0,1,1,0,0,0,0,0,0,0,0,0,0,1,0,0,1,0,0,4,0,1,8,1,1,1,0,0,2,2,4,1,1,0,0,0,0,0,0,0,0,0,4,7,0,0,2,4,0,0,0,0,1,0,1,0,8,0,0,0,0,0,4,7,0,4,2,8,2,8,0,0,2,4,0,0,0,7,0,4,0,1,8,4,2,1,2,2,4,0,0,1,10,0,0,4,0,0,0,0,2,4,0,2,1,0,1,0,0,0,0,0,1,4,2,0,1,0,0,0,1,0,1,1,1,0,1,1,1,2,0,0,1,0,1,0,0,1,1,0,1,1,1,0,0,0,0,0,1,0,1,1,1,1,1,0,2,0,2,1,2,1,0,0,1,1,1,1,0,0,0,1,1,0,0,0,0,0,0,0,1,1,
RegressionTest0::test033 ,0,0,0,0,2,1,1,0,0,0,0,0,2,1,0,0,0,0,1,1,0,0,0,0,0,0,0,0,0,0,1,0,0,1,0,0,4,0,1,8,1,1,1,0,0,2,2,4,1,1,0,0,0,0,0,0,0,0,0,4,7,0,0,2,4,0,0,0,0,1,0,1,0,8,0,0,0,0,0,4,7,0,4,2,8,2,8,0,0,2,4,0,0,0,7,0,4,0,1,8,4,2,1,2,2,4,0,0,1,10,0,0,4,0,0,0,0,2,4,0,2,1,0,1,0,0,0,0,0,1,4,2,0,1,0,0,0,1,0,1,1,1,0,1,1,1,2,0,0,1,0,1,0,0,1,1,0,1,1,1,0,0,0,0,0,1,0,1,1,1,1,1,0,2,0,2,1,2,1,0,0,1,1,1,1,0,0,0,1,1,0,0,0,0,0,0,0,1,1,
RegressionTest0::test034 ,1,1,1,1,2,1,0,1,1,1,1,1,2,2,1,1,1,1,2,2,1,1,1,1,1,1,1,1,1,1,1,1,1,0,1,1,3,1,1,7,1,2,1,1,1,2,2,3,2,2,1,1,1,1,1,1,1,1,1,3,6,1,1,2,3,1,1,1,1,2,1,1,1,7,1,1,1,1,1,4,6,1,3,2,7,2,7,1,1,2,3,1,1,1,6,1,3,1,2,7,3,2,2,2,2,3,1,1,2,9,1,1,4,1,1,1,1,2,3,1,2,1,1,0,1,1,1,1,1,2,4,2,1,2,1,1,1,2,1,1,1,1,1,1,1,2,2,1,1,1,1,1,1,1,2,1,1,1,1,2,1,1,1,1,1,1,1,1,1,2,1,1,1,2,1,2,1,2,2,1,1,1,1,2,1,1,1,1,1,1,1,1,1,1,1,1,1,2,1,
RegressionTest0::test035 ,0,0,0,0,2,1,1,0,0,0,0,0,2,1,0,0,0,0,1,1,0,0,0,0,0,0,0,0,0,0,1,0,0,1,0,0,4,0,1,8,1,1,1,0,0,2,2,4,1,1,0,0,0,0,0,0,0,0,0,4,7,0,0,2,4,0,0,0,0,1,0,1,0,8,0,0,0,0,0,4,7,0,4,2,8,2,8,0,0,2,4,0,0,0,7,0,4,0,1,8,4,2,1,2,2,4,0,0,1,10,0,0,4,0,0,0,0,2,4,0,2,1,0,1,0,0,0,0,0,1,4,2,0,1,0,0,0,1,0,1,1,1,0,1,1,1,2,0,0,1,0,1,0,0,1,1,0,1,1,1,0,0,0,0,0,1,0,1,1,1,1,1,0,2,0,2,1,2,1,0,0,1,1,1,1,0,0,0,1,1,0,0,0,0,0,0,0,1,1,
RegressionTest0::test036 ,0,0,0,0,2,1,1,0,0,0,0,0,2,1,0,0,0,0,1,1,0,0,0,0,0,0,0,0,0,0,1,0,0,1,0,0,4,0,1,8,1,1,1,0,0,2,2,4,1,1,0,0,0,0,0,0,0,0,0,4,7,0,0,2,4,0,0,0,0,1,0,1,0,8,0,0,0,0,0,4,7,0,4,2,8,2,8,0,0,2,4,0,0,0,7,0,4,0,1,8,4,2,1,2,2,4,0,0,1,10,0,0,4,0,0,0,0,2,4,0,2,1,0,1,0,0,0,0,0,1,4,2,0,1,0,0,0,1,0,1,1,1,0,1,1,1,2,0,0,1,0,1,0,0,1,1,0,1,1,1,0,0,0,0,0,1,0,1,1,1,1,1,0,2,0,2,1,2,1,0,0,1,1,1,1,0,0,0,1,1,0,0,0,0,0,0,0,1,1,
RegressionTest0::test037 ,4,4,4,4,4,4,3,4,4,4,4,4,4,5,4,4,4,4,5,5,4,4,4,4,4,4,4,4,4,4,4,4,4,3,4,4,0,4,3,4,3,5,4,4,4,4,4,0,5,5,4,4,4,4,4,4,4,4,4,0,4,4,4,4,0,4,4,4,4,5,4,4,4,4,4,4,4,4,4,4,4,4,0,4,4,4,4,4,4,4,0,4,4,4,4,4,0,4,5,4,0,4,5,4,4,0,4,4,5,6,4,4,4,4,4,4,4,4,0,4,4,4,4,3,4,4,4,4,4,5,4,4,4,5,4,4,4,5,4,4,4,4,4,4,4,5,4,4,4,4,4,4,4,4,5,4,4,4,4,5,4,4,4,4,4,4,4,4,4,5,4,4,4,4,4,4,4,4,5,4,4,4,4,5,4,4,4,4,4,4,4,4,4,4,4,4,4,5,4,
RegressionTest0::test038 ,0,0,0,0,2,1,1,0,0,0,0,0,2,1,0,0,0,0,1,1,0,0,0,0,0,0,0,0,0,0,1,0,0,1,0,0,4,0,1,8,1,1,1,0,0,2,2,4,1,1,0,0,0,0,0,0,0,0,0,4,7,0,0,2,4,0,0,0,0,1,0,1,0,8,0,0,0,0,0,4,7,0,4,2,8,2,8,0,0,2,4,0,0,0,7,0,4,0,1,8,4,2,1,2,2,4,0,0,1,10,0,0,4,0,0,0,0,2,4,0,2,1,0,1,0,0,0,0,0,1,4,2,0,1,0,0,0,1,0,1,1,1,0,1,1,1,2,0,0,1,0,1,0,0,1,1,0,1,1,1,0,0,0,0,0,1,0,1,1,1,1,1,0,2,0,2,1,2,1,0,0,1,1,1,1,0,0,0,1,1,0,0,0,0,0,0,0,1,1,
RegressionTest0::test039 ,1,1,1,1,2,1,1,1,1,1,1,1,2,2,1,1,1,1,2,2,1,1,1,1,1,1,1,1,1,1,1,1,1,1,1,1,3,1,0,7,0,2,1,1,1,2,2,3,2,2,1,1,1,1,1,1,1,1,1,3,6,1,1,2,3,1,1,1,1,2,1,1,1,7,1,1,1,1,1,4,6,1,3,2,7,2,7,1,1,2,3,1,1,1,6,1,3,1,2,7,3,2,2,2,2,3,1,1,2,9,1,1,4,1,1,1,1,2,3,1,2,1,1,1,1,1,1,1,1,2,4,2,1,2,1,1,1,2,1,1,1,1,1,1,1,2,2,1,1,1,1,1,1,1,2,1,1,1,1,2,1,1,1,1,1,1,1,1,1,2,1,1,1,2,1,2,1,2,2,1,1,1,1,2,1,1,1,1,1,1,1,1,1,1,1,1,1,2,1,
RegressionTest0::test040 ,8,8,8,8,8,8,7,8,8,8,8,8,8,9,8,8,8,8,9,9,8,8,8,8,8,8,8,8,8,8,8,8,8,7,8,8,4,8,7,0,7,9,8,8,8,8,8,4,9,9,8,8,8,8,8,8,8,8,8,4,6,8,8,8,4,8,8,8,8,9,8,8,8,0,8,8,8,8,8,8,6,8,4,8,0,8,0,8,8,8,4,8,8,8,6,8,4,8,9,0,4,8,9,8,8,4,8,8,9,2,8,8,8,8,8,8,8,8,4,8,8,8,8,7,8,8,8,8,8,9,8,8,8,9,8,8,8,9,8,8,8,8,8,8,8,9,8,8,8,8,8,8,8,8,9,8,8,8,8,9,8,8,8,8,8,8,8,8,8,9,8,8,8,8,8,8,8,8,9,8,8,8,8,9,8,8,8,8,8,8,8,8,8,8,8,8,8,9,8,
RegressionTest0::test041 ,1,1,1,1,2,1,1,1,1,1,1,1,2,2,1,1,1,1,2,2,1,1,1,1,1,1,1,1,1,1,1,1,1,1,1,1,3,1,0,7,0,2,1,1,1,2,2,3,2,2,1,1,1,1,1,1,1,1,1,3,6,1,1,2,3,1,1,1,1,2,1,1,1,7,1,1,1,1,1,4,6,1,3,2,7,2,7,1,1,2,3,1,1,1,6,1,3,1,2,7,3,2,2,2,2,3,1,1,2,9,1,1,4,1,1,1,1,2,3,1,2,1,1,1,1,1,1,1,1,2,4,2,1,2,1,1,1,2,1,1,1,1,1,1,1,2,2,1,1,1,1,1,1,1,2,1,1,1,1,2,1,1,1,1,1,1,1,1,1,2,1,1,1,2,1,2,1,2,2,1,1,1,1,2,1,1,1,1,1,1,1,1,1,1,1,1,1,2,1,
RegressionTest0::test042 ,1,1,1,1,3,2,2,1,1,1,1,1,3,0,1,1,1,1,0,0,1,1,1,1,1,1,1,1,1,1,2,1,1,2,1,1,5,1,2,9,2,0,2,1,1,3,3,5,0,0,1,1,1,1,1,1,1,1,1,5,8,1,1,3,5,1,1,1,1,0,1,2,1,9,1,1,1,1,1,5,8,1,5,3,9,3,9,1,1,3,5,1,1,1,8,1,5,1,0,9,5,3,0,3,3,5,1,1,0,11,1,1,5,1,1,1,1,3,5,1,3,2,1,2,1,1,1,1,1,0,5,3,1,0,1,1,1,0,1,2,2,2,1,2,2,0,3,1,1,2,1,2,1,1,0,2,1,2,2,0,1,1,1,1,1,2,1,2,2,0,2,2,1,3,1,3,2,3,0,1,1,2,2,0,2,1,1,1,2,2,1,1,1,1,1,1,1,0,2,
RegressionTest0::test043 ,1,1,1,1,2,1,1,1,1,1,1,1,2,2,1,1,1,1,2,2,1,1,1,1,1,1,1,1,1,1,1,1,1,1,1,1,4,1,1,8,1,2,0,1,1,2,2,4,2,2,1,1,1,1,1,1,1,1,1,4,7,1,1,2,4,1,1,1,1,2,1,0,1,8,1,1,1,1,1,4,7,1,4,2,8,2,8,1,1,2,4,1,1,1,7,1,4,1,2,8,4,2,2,2,2,4,1,1,2,10,1,1,4,1,1,1,1,2,4,1,2,1,1,1,1,1,1,1,1,2,4,2,1,2,1,1,1,2,1,0,0,0,1,0,0,2,2,1,1,0,1,0,1,1,2,0,1,0,0,2,1,1,1,1,1,0,1,0,0,2,0,0,1,2,1,2,0,2,2,1,1,0,0,2,0,1,1,1,0,0,1,1,1,1,1,1,1,2,0,
RegressionTest0::test044 ,0,0,0,0,2,1,1,0,0,0,0,0,2,1,0,0,0,0,1,1,0,0,0,0,0,0,0,0,0,0,1,0,0,1,0,0,4,0,1,8,1,1,1,0,0,2,2,4,1,1,0,0,0,0,0,0,0,0,0,4,7,0,0,2,4,0,0,0,0,1,0,1,0,8,0,0,0,0,0,4,7,0,4,2,8,2,8,0,0,2,4,0,0,0,7,0,4,0,1,8,4,2,1,2,2,4,0,0,1,10,0,0,4,0,0,0,0,2,4,0,2,1,0,1,0,0,0,0,0,1,4,2,0,1,0,0,0,1,0,1,1,1,0,1,1,1,2,0,0,1,0,1,0,0,1,1,0,1,1,1,0,0,0,0,0,1,0,1,1,1,1,1,0,2,0,2,1,2,1,0,0,1,1,1,1,0,0,0,1,1,0,0,0,0,0,0,0,1,1,
RegressionTest0::test045 ,0,0,0,0,2,1,1,0,0,0,0,0,2,1,0,0,0,0,1,1,0,0,0,0,0,0,0,0,0,0,1,0,0,1,0,0,4,0,1,8,1,1,1,0,0,2,2,4,1,1,0,0,0,0,0,0,0,0,0,4,7,0,0,2,4,0,0,0,0,1,0,1,0,8,0,0,0,0,0,4,7,0,4,2,8,2,8,0,0,2,4,0,0,0,7,0,4,0,1,8,4,2,1,2,2,4,0,0,1,10,0,0,4,0,0,0,0,2,4,0,2,1,0,1,0,0,0,0,0,1,4,2,0,1,0,0,0,1,0,1,1,1,0,1,1,1,2,0,0,1,0,1,0,0,1,1,0,1,1,1,0,0,0,0,0,1,0,1,1,1,1,1,0,2,0,2,1,2,1,0,0,1,1,1,1,0,0,0,1,1,0,0,0,0,0,0,0,1,1,
RegressionTest0::test046 ,2,2,2,2,1,2,2,2,2,2,2,2,1,3,2,2,2,2,3,3,2,2,2,2,2,2,2,2,2,2,2,2,2,2,2,2,4,2,2,8,2,3,2,2,2,0,1,4,3,3,2,2,2,2,2,2,2,2,2,4,6,2,2,1,4,2,2,2,2,3,2,2,2,8,2,2,2,2,2,3,6,2,4,1,8,1,8,2,2,1,4,2,2,2,6,2,4,2,3,8,4,1,3,1,1,4,2,2,3,9,2,2,3,2,2,2,2,1,4,2,1,2,2,2,2,2,2,2,2,3,3,1,2,3,2,2,2,3,2,2,2,2,2,2,2,3,1,2,2,2,2,2,2,2,3,2,2,2,2,3,2,2,2,2,2,2,2,2,2,3,2,2,2,1,2,1,2,1,3,2,2,2,2,3,2,2,2,2,2,2,2,2,2,2,2,2,2,3,2,
RegressionTest0::test047 ,2,2,2,2,1,2,2,2,2,2,2,2,1,3,2,2,2,2,3,3,2,2,2,2,2,2,2,2,2,2,2,2,2,2,2,2,4,2,2,8,2,3,2,2,2,1,0,4,3,3,2,2,2,2,2,2,2,2,2,4,6,2,2,1,4,2,2,2,2,3,2,2,2,8,2,2,2,2,2,3,6,2,4,1,8,1,8,2,2,1,4,2,2,2,6,2,4,2,3,8,4,1,3,1,1,4,2,2,3,9,2,2,3,2,2,2,2,1,4,2,1,2,2,2,2,2,2,2,2,3,3,0,2,3,2,2,2,3,2,2,2,2,2,2,2,3,1,2,2,2,2,2,2,2,3,2,2,2,2,3,2,2,2,2,2,2,2,2,2,3,2,2,2,1,2,0,2,1,3,2,2,2,2,3,2,2,2,2,2,2,2,2,2,2,2,2,2,3,2,
RegressionTest0::test048 ,4,4,4,4,4,4,3,4,4,4,4,4,4,5,4,4,4,4,5,5,4,4,4,4,4,4,4,4,4,4,4,4,4,3,4,4,0,4,3,4,3,5,4,4,4,4,4,0,5,5,4,4,4,4,4,4,4,4,4,0,4,4,4,4,0,4,4,4,4,5,4,4,4,4,4,4,4,4,4,4,4,4,0,4,4,4,4,4,4,4,0,4,4,4,4,4,0,4,5,4,0,4,5,4,4,0,4,4,5,6,4,4,4,4,4,4,4,4,0,4,4,4,4,3,4,4,4,4,4,5,4,4,4,5,4,4,4,5,4,4,4,4,4,4,4,5,4,4,4,4,4,4,4,4,5,4,4,4,4,5,4,4,4,4,4,4,4,4,4,5,4,4,4,4,4,4,4,4,5,4,4,4,4,5,4,4,4,4,4,4,4,4,4,4,4,4,4,5,4,
RegressionTest0::test049 ,1,1,1,1,3,2,2,1,1,1,1,1,3,0,1,1,1,1,0,0,1,1,1,1,1,1,1,1,1,1,2,1,1,2,1,1,5,1,2,9,2,0,2,1,1,3,3,5,0,0,1,1,1,1,1,1,1,1,1,5,8,1,1,3,5,1,1,1,1,0,1,2,1,9,1,1,1,1,1,5,8,1,5,3,9,3,9,1,1,3,5,1,1,1,8,1,5,1,0,9,5,3,0,3,3,5,1,1,0,11,1,1,5,1,1,1,1,3,5,1,3,2,1,2,1,1,1,1,1,0,5,3,1,0,1,1,1,0,1,2,2,2,1,2,2,0,3,1,1,2,1,2,1,1,0,2,1,2,2,0,1,1,1,1,1,2,1,2,2,0,2,2,1,3,1,3,2,3,0,1,1,2,2,0,2,1,1,1,2,2,1,1,1,1,1,1,1,0,2,
RegressionTest0::test050 ,1,1,1,1,3,2,2,1,1,1,1,1,3,0,1,1,1,1,0,0,1,1,1,1,1,1,1,1,1,1,2,1,1,2,1,1,5,1,2,9,2,0,2,1,1,3,3,5,0,0,1,1,1,1,1,1,1,1,1,5,8,1,1,3,5,1,1,1,1,0,1,2,1,9,1,1,1,1,1,5,8,1,5,3,9,3,9,1,1,3,5,1,1,1,8,1,5,1,0,9,5,3,0,3,3,5,1,1,0,11,1,1,5,1,1,1,1,3,5,1,3,2,1,2,1,1,1,1,1,0,5,3,1,0,1,1,1,0,1,2,2,2,1,2,2,0,3,1,1,2,1,2,1,1,0,2,1,2,2,0,1,1,1,1,1,2,1,2,2,0,2,2,1,3,1,3,2,3,0,1,1,2,2,0,2,1,1,1,2,2,1,1,1,1,1,1,1,0,2,
RegressionTest0::test051 ,0,0,0,0,2,1,1,0,0,0,0,0,2,1,0,0,0,0,1,1,0,0,0,0,0,0,0,0,0,0,1,0,0,1,0,0,4,0,1,8,1,1,1,0,0,2,2,4,1,1,0,0,0,0,0,0,0,0,0,4,7,0,0,2,4,0,0,0,0,1,0,1,0,8,0,0,0,0,0,4,7,0,4,2,8,2,8,0,0,2,4,0,0,0,7,0,4,0,1,8,4,2,1,2,2,4,0,0,1,10,0,0,4,0,0,0,0,2,4,0,2,1,0,1,0,0,0,0,0,1,4,2,0,1,0,0,0,1,0,1,1,1,0,1,1,1,2,0,0,1,0,1,0,0,1,1,0,1,1,1,0,0,0,0,0,1,0,1,1,1,1,1,0,2,0,2,1,2,1,0,0,1,1,1,1,0,0,0,1,1,0,0,0,0,0,0,0,1,1,
RegressionTest0::test052 ,0,0,0,0,2,1,1,0,0,0,0,0,2,1,0,0,0,0,1,1,0,0,0,0,0,0,0,0,0,0,1,0,0,1,0,0,4,0,1,8,1,1,1,0,0,2,2,4,1,1,0,0,0,0,0,0,0,0,0,4,7,0,0,2,4,0,0,0,0,1,0,1,0,8,0,0,0,0,0,4,7,0,4,2,8,2,8,0,0,2,4,0,0,0,7,0,4,0,1,8,4,2,1,2,2,4,0,0,1,10,0,0,4,0,0,0,0,2,4,0,2,1,0,1,0,0,0,0,0,1,4,2,0,1,0,0,0,1,0,1,1,1,0,1,1,1,2,0,0,1,0,1,0,0,1,1,0,1,1,1,0,0,0,0,0,1,0,1,1,1,1,1,0,2,0,2,1,2,1,0,0,1,1,1,1,0,0,0,1,1,0,0,0,0,0,0,0,1,1,
RegressionTest0::test053 ,0,0,0,0,2,1,1,0,0,0,0,0,2,1,0,0,0,0,1,1,0,0,0,0,0,0,0,0,0,0,1,0,0,1,0,0,4,0,1,8,1,1,1,0,0,2,2,4,1,1,0,0,0,0,0,0,0,0,0,4,7,0,0,2,4,0,0,0,0,1,0,1,0,8,0,0,0,0,0,4,7,0,4,2,8,2,8,0,0,2,4,0,0,0,7,0,4,0,1,8,4,2,1,2,2,4,0,0,1,10,0,0,4,0,0,0,0,2,4,0,2,1,0,1,0,0,0,0,0,1,4,2,0,1,0,0,0,1,0,1,1,1,0,1,1,1,2,0,0,1,0,1,0,0,1,1,0,1,1,1,0,0,0,0,0,1,0,1,1,1,1,1,0,2,0,2,1,2,1,0,0,1,1,1,1,0,0,0,1,1,0,0,0,0,0,0,0,1,1,
RegressionTest0::test054 ,0,0,0,0,2,1,1,0,0,0,0,0,2,1,0,0,0,0,1,1,0,0,0,0,0,0,0,0,0,0,1,0,0,1,0,0,4,0,1,8,1,1,1,0,0,2,2,4,1,1,0,0,0,0,0,0,0,0,0,4,7,0,0,2,4,0,0,0,0,1,0,1,0,8,0,0,0,0,0,4,7,0,4,2,8,2,8,0,0,2,4,0,0,0,7,0,4,0,1,8,4,2,1,2,2,4,0,0,1,10,0,0,4,0,0,0,0,2,4,0,2,1,0,1,0,0,0,0,0,1,4,2,0,1,0,0,0,1,0,1,1,1,0,1,1,1,2,0,0,1,0,1,0,0,1,1,0,1,1,1,0,0,0,0,0,1,0,1,1,1,1,1,0,2,0,2,1,2,1,0,0,1,1,1,1,0,0,0,1,1,0,0,0,0,0,0,0,1,1,
RegressionTest0::test055 ,0,0,0,0,2,1,1,0,0,0,0,0,2,1,0,0,0,0,1,1,0,0,0,0,0,0,0,0,0,0,1,0,0,1,0,0,4,0,1,8,1,1,1,0,0,2,2,4,1,1,0,0,0,0,0,0,0,0,0,4,7,0,0,2,4,0,0,0,0,1,0,1,0,8,0,0,0,0,0,4,7,0,4,2,8,2,8,0,0,2,4,0,0,0,7,0,4,0,1,8,4,2,1,2,2,4,0,0,1,10,0,0,4,0,0,0,0,2,4,0,2,1,0,1,0,0,0,0,0,1,4,2,0,1,0,0,0,1,0,1,1,1,0,1,1,1,2,0,0,1,0,1,0,0,1,1,0,1,1,1,0,0,0,0,0,1,0,1,1,1,1,1,0,2,0,2,1,2,1,0,0,1,1,1,1,0,0,0,1,1,0,0,0,0,0,0,0,1,1,
RegressionTest0::test056 ,0,0,0,0,2,1,1,0,0,0,0,0,2,1,0,0,0,0,1,1,0,0,0,0,0,0,0,0,0,0,1,0,0,1,0,0,4,0,1,8,1,1,1,0,0,2,2,4,1,1,0,0,0,0,0,0,0,0,0,4,7,0,0,2,4,0,0,0,0,1,0,1,0,8,0,0,0,0,0,4,7,0,4,2,8,2,8,0,0,2,4,0,0,0,7,0,4,0,1,8,4,2,1,2,2,4,0,0,1,10,0,0,4,0,0,0,0,2,4,0,2,1,0,1,0,0,0,0,0,1,4,2,0,1,0,0,0,1,0,1,1,1,0,1,1,1,2,0,0,1,0,1,0,0,1,1,0,1,1,1,0,0,0,0,0,1,0,1,1,1,1,1,0,2,0,2,1,2,1,0,0,1,1,1,1,0,0,0,1,1,0,0,0,0,0,0,0,1,1,
RegressionTest0::test057 ,0,0,0,0,2,1,1,0,0,0,0,0,2,1,0,0,0,0,1,1,0,0,0,0,0,0,0,0,0,0,1,0,0,1,0,0,4,0,1,8,1,1,1,0,0,2,2,4,1,1,0,0,0,0,0,0,0,0,0,4,7,0,0,2,4,0,0,0,0,1,0,1,0,8,0,0,0,0,0,4,7,0,4,2,8,2,8,0,0,2,4,0,0,0,7,0,4,0,1,8,4,2,1,2,2,4,0,0,1,10,0,0,4,0,0,0,0,2,4,0,2,1,0,1,0,0,0,0,0,1,4,2,0,1,0,0,0,1,0,1,1,1,0,1,1,1,2,0,0,1,0,1,0,0,1,1,0,1,1,1,0,0,0,0,0,1,0,1,1,1,1,1,0,2,0,2,1,2,1,0,0,1,1,1,1,0,0,0,1,1,0,0,0,0,0,0,0,1,1,
RegressionTest0::test058 ,0,0,0,0,2,1,1,0,0,0,0,0,2,1,0,0,0,0,1,1,0,0,0,0,0,0,0,0,0,0,1,0,0,1,0,0,4,0,1,8,1,1,1,0,0,2,2,4,1,1,0,0,0,0,0,0,0,0,0,4,7,0,0,2,4,0,0,0,0,1,0,1,0,8,0,0,0,0,0,4,7,0,4,2,8,2,8,0,0,2,4,0,0,0,7,0,4,0,1,8,4,2,1,2,2,4,0,0,1,10,0,0,4,0,0,0,0,2,4,0,2,1,0,1,0,0,0,0,0,1,4,2,0,1,0,0,0,1,0,1,1,1,0,1,1,1,2,0,0,1,0,1,0,0,1,1,0,1,1,1,0,0,0,0,0,1,0,1,1,1,1,1,0,2,0,2,1,2,1,0,0,1,1,1,1,0,0,0,1,1,0,0,0,0,0,0,0,1,1,
RegressionTest0::test059 ,0,0,0,0,2,1,1,0,0,0,0,0,2,1,0,0,0,0,1,1,0,0,0,0,0,0,0,0,0,0,1,0,0,1,0,0,4,0,1,8,1,1,1,0,0,2,2,4,1,1,0,0,0,0,0,0,0,0,0,4,7,0,0,2,4,0,0,0,0,1,0,1,0,8,0,0,0,0,0,4,7,0,4,2,8,2,8,0,0,2,4,0,0,0,7,0,4,0,1,8,4,2,1,2,2,4,0,0,1,10,0,0,4,0,0,0,0,2,4,0,2,1,0,1,0,0,0,0,0,1,4,2,0,1,0,0,0,1,0,1,1,1,0,1,1,1,2,0,0,1,0,1,0,0,1,1,0,1,1,1,0,0,0,0,0,1,0,1,1,1,1,1,0,2,0,2,1,2,1,0,0,1,1,1,1,0,0,0,1,1,0,0,0,0,0,0,0,1,1,
RegressionTest0::test060 ,4,4,4,4,4,4,3,4,4,4,4,4,4,5,4,4,4,4,5,5,4,4,4,4,4,4,4,4,4,4,4,4,4,3,4,4,0,4,3,4,3,5,4,4,4,4,4,0,5,5,4,4,4,4,4,4,4,4,4,0,4,4,4,4,0,4,4,4,4,5,4,4,4,4,4,4,4,4,4,4,4,4,0,4,4,4,4,4,4,4,0,4,4,4,4,4,0,4,5,4,0,4,5,4,4,0,4,4,5,6,4,4,4,4,4,4,4,4,0,4,4,4,4,3,4,4,4,4,4,5,4,4,4,5,4,4,4,5,4,4,4,4,4,4,4,5,4,4,4,4,4,4,4,4,5,4,4,4,4,5,4,4,4,4,4,4,4,4,4,5,4,4,4,4,4,4,4,4,5,4,4,4,4,5,4,4,4,4,4,4,4,4,4,4,4,4,4,5,4,
RegressionTest0::test061 ,7,7,7,7,6,7,6,7,7,7,7,7,6,8,7,7,7,7,8,8,7,7,7,7,7,7,7,7,7,7,7,7,7,6,7,7,4,7,6,6,6,8,7,7,7,6,6,4,8,8,7,7,7,7,7,7,7,7,7,4,0,7,7,6,4,7,7,7,7,8,7,7,7,6,7,7,7,7,7,6,0,7,4,6,6,5,6,7,7,6,4,7,7,7,0,7,4,7,8,6,4,6,8,6,6,4,7,7,8,5,7,7,6,7,7,7,7,5,4,7,6,7,7,6,7,7,7,7,7,8,6,6,7,8,7,7,7,8,7,7,7,7,7,7,7,8,6,7,7,7,7,7,7,7,8,7,7,7,7,8,7,7,7,7,7,7,7,7,7,8,7,7,7,6,7,6,7,6,8,7,7,7,7,8,7,7,7,7,7,7,7,7,7,7,7,7,7,8,7,
RegressionTest0::test062 ,0,0,0,0,2,1,1,0,0,0,0,0,2,1,0,0,0,0,1,1,0,0,0,0,0,0,0,0,0,0,1,0,0,1,0,0,4,0,1,8,1,1,1,0,0,2,2,4,1,1,0,0,0,0,0,0,0,0,0,4,7,0,0,2,4,0,0,0,0,1,0,1,0,8,0,0,0,0,0,4,7,0,4,2,8,2,8,0,0,2,4,0,0,0,7,0,4,0,1,8,4,2,1,2,2,4,0,0,1,10,0,0,4,0,0,0,0,2,4,0,2,1,0,1,0,0,0,0,0,1,4,2,0,1,0,0,0,1,0,1,1,1,0,1,1,1,2,0,0,1,0,1,0,0,1,1,0,1,1,1,0,0,0,0,0,1,0,1,1,1,1,1,0,2,0,2,1,2,1,0,0,1,1,1,1,0,0,0,1,1,0,0,0,0,0,0,0,1,1,
RegressionTest0::test063 ,0,0,0,0,2,1,1,0,0,0,0,0,2,1,0,0,0,0,1,1,0,0,0,0,0,0,0,0,0,0,1,0,0,1,0,0,4,0,1,8,1,1,1,0,0,2,2,4,1,1,0,0,0,0,0,0,0,0,0,4,7,0,0,2,4,0,0,0,0,1,0,1,0,8,0,0,0,0,0,4,7,0,4,2,8,2,8,0,0,2,4,0,0,0,7,0,4,0,1,8,4,2,1,2,2,4,0,0,1,10,0,0,4,0,0,0,0,2,4,0,2,1,0,1,0,0,0,0,0,1,4,2,0,1,0,0,0,1,0,1,1,1,0,1,1,1,2,0,0,1,0,1,0,0,1,1,0,1,1,1,0,0,0,0,0,1,0,1,1,1,1,1,0,2,0,2,1,2,1,0,0,1,1,1,1,0,0,0,1,1,0,0,0,0,0,0,0,1,1,
RegressionTest0::test064 ,2,2,2,2,1,2,2,2,2,2,2,2,1,3,2,2,2,2,3,3,2,2,2,2,2,2,2,2,2,2,2,2,2,2,2,2,4,2,2,8,2,3,2,2,2,1,1,4,3,3,2,2,2,2,2,2,2,2,2,4,6,2,2,0,4,2,2,2,2,3,2,2,2,8,2,2,2,2,2,3,6,2,4,0,8,1,8,2,2,0,4,2,2,2,6,2,4,2,3,8,4,1,3,0,1,4,2,2,3,8,2,2,3,2,2,2,2,1,4,2,1,2,2,2,2,2,2,2,2,3,3,1,2,3,2,2,2,3,2,2,2,2,2,2,2,3,1,2,2,2,2,2,2,2,3,2,2,2,2,3,2,2,2,2,2,2,2,2,2,3,2,2,2,1,2,1,2,1,3,2,2,2,2,3,2,2,2,2,2,2,2,2,2,2,2,2,2,3,2,
RegressionTest0::test065 ,4,4,4,4,4,4,3,4,4,4,4,4,4,5,4,4,4,4,5,5,4,4,4,4,4,4,4,4,4,4,4,4,4,3,4,4,0,4,3,4,3,5,4,4,4,4,4,0,5,5,4,4,4,4,4,4,4,4,4,0,4,4,4,4,0,4,4,4,4,5,4,4,4,4,4,4,4,4,4,4,4,4,0,4,4,4,4,4,4,4,0,4,4,4,4,4,0,4,5,4,0,4,5,4,4,0,4,4,5,6,4,4,4,4,4,4,4,4,0,4,4,4,4,3,4,4,4,4,4,5,4,4,4,5,4,4,4,5,4,4,4,4,4,4,4,5,4,4,4,4,4,4,4,4,5,4,4,4,4,5,4,4,4,4,4,4,4,4,4,5,4,4,4,4,4,4,4,4,5,4,4,4,4,5,4,4,4,4,4,4,4,4,4,4,4,4,4,5,4,
RegressionTest0::test066 ,0,0,0,0,2,1,1,0,0,0,0,0,2,1,0,0,0,0,1,1,0,0,0,0,0,0,0,0,0,0,1,0,0,1,0,0,4,0,1,8,1,1,1,0,0,2,2,4,1,1,0,0,0,0,0,0,0,0,0,4,7,0,0,2,4,0,0,0,0,1,0,1,0,8,0,0,0,0,0,4,7,0,4,2,8,2,8,0,0,2,4,0,0,0,7,0,4,0,1,8,4,2,1,2,2,4,0,0,1,10,0,0,4,0,0,0,0,2,4,0,2,1,0,1,0,0,0,0,0,1,4,2,0,1,0,0,0,1,0,1,1,1,0,1,1,1,2,0,0,1,0,1,0,0,1,1,0,1,1,1,0,0,0,0,0,1,0,1,1,1,1,1,0,2,0,2,1,2,1,0,0,1,1,1,1,0,0,0,1,1,0,0,0,0,0,0,0,1,1,
RegressionTest0::test067 ,0,0,0,0,2,1,1,0,0,0,0,0,2,1,0,0,0,0,1,1,0,0,0,0,0,0,0,0,0,0,1,0,0,1,0,0,4,0,1,8,1,1,1,0,0,2,2,4,1,1,0,0,0,0,0,0,0,0,0,4,7,0,0,2,4,0,0,0,0,1,0,1,0,8,0,0,0,0,0,4,7,0,4,2,8,2,8,0,0,2,4,0,0,0,7,0,4,0,1,8,4,2,1,2,2,4,0,0,1,10,0,0,4,0,0,0,0,2,4,0,2,1,0,1,0,0,0,0,0,1,4,2,0,1,0,0,0,1,0,1,1,1,0,1,1,1,2,0,0,1,0,1,0,0,1,1,0,1,1,1,0,0,0,0,0,1,0,1,1,1,1,1,0,2,0,2,1,2,1,0,0,1,1,1,1,0,0,0,1,1,0,0,0,0,0,0,0,1,1,
RegressionTest0::test068 ,0,0,0,0,2,1,1,0,0,0,0,0,2,1,0,0,0,0,1,1,0,0,0,0,0,0,0,0,0,0,1,0,0,1,0,0,4,0,1,8,1,1,1,0,0,2,2,4,1,1,0,0,0,0,0,0,0,0,0,4,7,0,0,2,4,0,0,0,0,1,0,1,0,8,0,0,0,0,0,4,7,0,4,2,8,2,8,0,0,2,4,0,0,0,7,0,4,0,1,8,4,2,1,2,2,4,0,0,1,10,0,0,4,0,0,0,0,2,4,0,2,1,0,1,0,0,0,0,0,1,4,2,0,1,0,0,0,1,0,1,1,1,0,1,1,1,2,0,0,1,0,1,0,0,1,1,0,1,1,1,0,0,0,0,0,1,0,1,1,1,1,1,0,2,0,2,1,2,1,0,0,1,1,1,1,0,0,0,1,1,0,0,0,0,0,0,0,1,1,
RegressionTest0::test069 ,0,0,0,0,2,1,1,0,0,0,0,0,2,1,0,0,0,0,1,1,0,0,0,0,0,0,0,0,0,0,1,0,0,1,0,0,4,0,1,8,1,1,1,0,0,2,2,4,1,1,0,0,0,0,0,0,0,0,0,4,7,0,0,2,4,0,0,0,0,1,0,1,0,8,0,0,0,0,0,4,7,0,4,2,8,2,8,0,0,2,4,0,0,0,7,0,4,0,1,8,4,2,1,2,2,4,0,0,1,10,0,0,4,0,0,0,0,2,4,0,2,1,0,1,0,0,0,0,0,1,4,2,0,1,0,0,0,1,0,1,1,1,0,1,1,1,2,0,0,1,0,1,0,0,1,1,0,1,1,1,0,0,0,0,0,1,0,1,1,1,1,1,0,2,0,2,1,2,1,0,0,1,1,1,1,0,0,0,1,1,0,0,0,0,0,0,0,1,1,
RegressionTest0::test070 ,1,1,1,1,3,2,2,1,1,1,1,1,3,0,1,1,1,1,0,0,1,1,1,1,1,1,1,1,1,1,2,1,1,2,1,1,5,1,2,9,2,0,2,1,1,3,3,5,0,0,1,1,1,1,1,1,1,1,1,5,8,1,1,3,5,1,1,1,1,0,1,2,1,9,1,1,1,1,1,5,8,1,5,3,9,3,9,1,1,3,5,1,1,1,8,1,5,1,0,9,5,3,0,3,3,5,1,1,0,11,1,1,5,1,1,1,1,3,5,1,3,2,1,2,1,1,1,1,1,0,5,3,1,0,1,1,1,0,1,2,2,2,1,2,2,0,3,1,1,2,1,2,1,1,0,2,1,2,2,0,1,1,1,1,1,2,1,2,2,0,2,2,1,3,1,3,2,3,0,1,1,2,2,0,2,1,1,1,2,2,1,1,1,1,1,1,1,0,2,
RegressionTest0::test071 ,0,0,0,0,2,1,1,0,0,0,0,0,2,1,0,0,0,0,1,1,0,0,0,0,0,0,0,0,0,0,1,0,0,1,0,0,4,0,1,8,1,1,1,0,0,2,2,4,1,1,0,0,0,0,0,0,0,0,0,4,7,0,0,2,4,0,0,0,0,1,0,1,0,8,0,0,0,0,0,4,7,0,4,2,8,2,8,0,0,2,4,0,0,0,7,0,4,0,1,8,4,2,1,2,2,4,0,0,1,10,0,0,4,0,0,0,0,2,4,0,2,1,0,1,0,0,0,0,0,1,4,2,0,1,0,0,0,1,0,1,1,1,0,1,1,1,2,0,0,1,0,1,0,0,1,1,0,1,1,1,0,0,0,0,0,1,0,1,1,1,1,1,0,2,0,2,1,2,1,0,0,1,1,1,1,0,0,0,1,1,0,0,0,0,0,0,0,1,1,
RegressionTest0::test072 ,1,1,1,1,2,1,1,1,1,1,1,1,2,2,1,1,1,1,2,2,1,1,1,1,1,1,1,1,1,1,1,1,1,1,1,1,4,1,1,8,1,2,0,1,1,2,2,4,2,2,1,1,1,1,1,1,1,1,1,4,7,1,1,2,4,1,1,1,1,2,1,0,1,8,1,1,1,1,1,4,7,1,4,2,8,2,8,1,1,2,4,1,1,1,7,1,4,1,2,8,4,2,2,2,2,4,1,1,2,10,1,1,4,1,1,1,1,2,4,1,2,1,1,1,1,1,1,1,1,2,4,2,1,2,1,1,1,2,1,0,0,0,1,0,0,2,2,1,1,0,1,0,1,1,2,0,1,0,0,2,1,1,1,1,1,0,1,0,0,2,0,0,1,2,1,2,0,2,2,1,1,0,0,2,0,1,1,1,0,0,1,1,1,1,1,1,1,2,0,
RegressionTest0::test073 ,0,0,0,0,2,1,1,0,0,0,0,0,2,1,0,0,0,0,1,1,0,0,0,0,0,0,0,0,0,0,1,0,0,1,0,0,4,0,1,8,1,1,1,0,0,2,2,4,1,1,0,0,0,0,0,0,0,0,0,4,7,0,0,2,4,0,0,0,0,1,0,1,0,8,0,0,0,0,0,4,7,0,4,2,8,2,8,0,0,2,4,0,0,0,7,0,4,0,1,8,4,2,1,2,2,4,0,0,1,10,0,0,4,0,0,0,0,2,4,0,2,1,0,1,0,0,0,0,0,1,4,2,0,1,0,0,0,1,0,1,1,1,0,1,1,1,2,0,0,1,0,1,0,0,1,1,0,1,1,1,0,0,0,0,0,1,0,1,1,1,1,1,0,2,0,2,1,2,1,0,0,1,1,1,1,0,0,0,1,1,0,0,0,0,0,0,0,1,1,
RegressionTest0::test074 ,8,8,8,8,8,8,7,8,8,8,8,8,8,9,8,8,8,8,9,9,8,8,8,8,8,8,8,8,8,8,8,8,8,7,8,8,4,8,7,0,7,9,8,8,8,8,8,4,9,9,8,8,8,8,8,8,8,8,8,4,6,8,8,8,4,8,8,8,8,9,8,8,8,0,8,8,8,8,8,8,6,8,4,8,0,8,0,8,8,8,4,8,8,8,6,8,4,8,9,0,4,8,9,8,8,4,8,8,9,2,8,8,8,8,8,8,8,8,4,8,8,8,8,7,8,8,8,8,8,9,8,8,8,9,8,8,8,9,8,8,8,8,8,8,8,9,8,8,8,8,8,8,8,8,9,8,8,8,8,9,8,8,8,8,8,8,8,8,8,9,8,8,8,8,8,8,8,8,9,8,8,8,8,9,8,8,8,8,8,8,8,8,8,8,8,8,8,9,8,
RegressionTest0::test075 ,0,0,0,0,2,1,1,0,0,0,0,0,2,1,0,0,0,0,1,1,0,0,0,0,0,0,0,0,0,0,1,0,0,1,0,0,4,0,1,8,1,1,1,0,0,2,2,4,1,1,0,0,0,0,0,0,0,0,0,4,7,0,0,2,4,0,0,0,0,1,0,1,0,8,0,0,0,0,0,4,7,0,4,2,8,2,8,0,0,2,4,0,0,0,7,0,4,0,1,8,4,2,1,2,2,4,0,0,1,10,0,0,4,0,0,0,0,2,4,0,2,1,0,1,0,0,0,0,0,1,4,2,0,1,0,0,0,1,0,1,1,1,0,1,1,1,2,0,0,1,0,1,0,0,1,1,0,1,1,1,0,0,0,0,0,1,0,1,1,1,1,1,0,2,0,2,1,2,1,0,0,1,1,1,1,0,0,0,1,1,0,0,0,0,0,0,0,1,1,
RegressionTest0::test076 ,0,0,0,0,2,1,1,0,0,0,0,0,2,1,0,0,0,0,1,1,0,0,0,0,0,0,0,0,0,0,1,0,0,1,0,0,4,0,1,8,1,1,1,0,0,2,2,4,1,1,0,0,0,0,0,0,0,0,0,4,7,0,0,2,4,0,0,0,0,1,0,1,0,8,0,0,0,0,0,4,7,0,4,2,8,2,8,0,0,2,4,0,0,0,7,0,4,0,1,8,4,2,1,2,2,4,0,0,1,10,0,0,4,0,0,0,0,2,4,0,2,1,0,1,0,0,0,0,0,1,4,2,0,1,0,0,0,1,0,1,1,1,0,1,1,1,2,0,0,1,0,1,0,0,1,1,0,1,1,1,0,0,0,0,0,1,0,1,1,1,1,1,0,2,0,2,1,2,1,0,0,1,1,1,1,0,0,0,1,1,0,0,0,0,0,0,0,1,1,
RegressionTest0::test077 ,0,0,0,0,2,1,1,0,0,0,0,0,2,1,0,0,0,0,1,1,0,0,0,0,0,0,0,0,0,0,1,0,0,1,0,0,4,0,1,8,1,1,1,0,0,2,2,4,1,1,0,0,0,0,0,0,0,0,0,4,7,0,0,2,4,0,0,0,0,1,0,1,0,8,0,0,0,0,0,4,7,0,4,2,8,2,8,0,0,2,4,0,0,0,7,0,4,0,1,8,4,2,1,2,2,4,0,0,1,10,0,0,4,0,0,0,0,2,4,0,2,1,0,1,0,0,0,0,0,1,4,2,0,1,0,0,0,1,0,1,1,1,0,1,1,1,2,0,0,1,0,1,0,0,1,1,0,1,1,1,0,0,0,0,0,1,0,1,1,1,1,1,0,2,0,2,1,2,1,0,0,1,1,1,1,0,0,0,1,1,0,0,0,0,0,0,0,1,1,
RegressionTest0::test078 ,0,0,0,0,2,1,1,0,0,0,0,0,2,1,0,0,0,0,1,1,0,0,0,0,0,0,0,0,0,0,1,0,0,1,0,0,4,0,1,8,1,1,1,0,0,2,2,4,1,1,0,0,0,0,0,0,0,0,0,4,7,0,0,2,4,0,0,0,0,1,0,1,0,8,0,0,0,0,0,4,7,0,4,2,8,2,8,0,0,2,4,0,0,0,7,0,4,0,1,8,4,2,1,2,2,4,0,0,1,10,0,0,4,0,0,0,0,2,4,0,2,1,0,1,0,0,0,0,0,1,4,2,0,1,0,0,0,1,0,1,1,1,0,1,1,1,2,0,0,1,0,1,0,0,1,1,0,1,1,1,0,0,0,0,0,1,0,1,1,1,1,1,0,2,0,2,1,2,1,0,0,1,1,1,1,0,0,0,1,1,0,0,0,0,0,0,0,1,1,
RegressionTest0::test079 ,0,0,0,0,2,1,1,0,0,0,0,0,2,1,0,0,0,0,1,1,0,0,0,0,0,0,0,0,0,0,1,0,0,1,0,0,4,0,1,8,1,1,1,0,0,2,2,4,1,1,0,0,0,0,0,0,0,0,0,4,7,0,0,2,4,0,0,0,0,1,0,1,0,8,0,0,0,0,0,4,7,0,4,2,8,2,8,0,0,2,4,0,0,0,7,0,4,0,1,8,4,2,1,2,2,4,0,0,1,10,0,0,4,0,0,0,0,2,4,0,2,1,0,1,0,0,0,0,0,1,4,2,0,1,0,0,0,1,0,1,1,1,0,1,1,1,2,0,0,1,0,1,0,0,1,1,0,1,1,1,0,0,0,0,0,1,0,1,1,1,1,1,0,2,0,2,1,2,1,0,0,1,1,1,1,0,0,0,1,1,0,0,0,0,0,0,0,1,1,
RegressionTest0::test080 ,4,4,4,4,2,4,4,4,4,4,4,4,3,5,4,4,4,4,5,5,4,4,4,4,4,4,4,4,4,4,4,4,4,4,4,4,4,4,4,8,4,5,4,4,4,3,3,4,5,5,4,4,4,4,4,4,4,4,4,4,6,4,4,3,4,4,4,4,4,5,4,4,4,8,4,4,4,4,4,0,6,4,4,3,8,3,8,4,4,3,4,4,4,4,6,4,4,4,5,8,4,3,5,3,2,4,4,4,5,9,4,4,0,4,4,4,4,3,4,4,2,4,4,4,4,4,4,4,4,5,0,3,4,5,4,4,4,5,4,4,4,4,4,4,4,5,2,4,4,4,4,4,4,4,5,4,4,4,4,5,4,4,4,4,4,4,4,4,4,5,4,4,4,2,4,3,4,2,5,4,4,4,4,5,4,4,4,4,4,4,4,4,4,4,4,4,4,5,4,
RegressionTest0::test081 ,7,7,7,7,6,7,6,7,7,7,7,7,6,8,7,7,7,7,8,8,7,7,7,7,7,7,7,7,7,7,7,7,7,6,7,7,4,7,6,6,6,8,7,7,7,6,6,4,8,8,7,7,7,7,7,7,7,7,7,4,0,7,7,6,4,7,7,7,7,8,7,7,7,6,7,7,7,7,7,6,0,7,4,6,6,5,6,7,7,6,4,7,7,7,0,7,4,7,8,6,4,6,8,6,6,4,7,7,8,5,7,7,6,7,7,7,7,5,4,7,6,7,7,6,7,7,7,7,7,8,6,6,7,8,7,7,7,8,7,7,7,7,7,7,7,8,6,7,7,7,7,7,7,7,8,7,7,7,7,8,7,7,7,7,7,7,7,7,7,8,7,7,7,6,7,6,7,6,8,7,7,7,7,8,7,7,7,7,7,7,7,7,7,7,7,7,7,8,7,
RegressionTest0::test082 ,0,0,0,0,2,1,1,0,0,0,0,0,2,1,0,0,0,0,1,1,0,0,0,0,0,0,0,0,0,0,1,0,0,1,0,0,4,0,1,8,1,1,1,0,0,2,2,4,1,1,0,0,0,0,0,0,0,0,0,4,7,0,0,2,4,0,0,0,0,1,0,1,0,8,0,0,0,0,0,4,7,0,4,2,8,2,8,0,0,2,4,0,0,0,7,0,4,0,1,8,4,2,1,2,2,4,0,0,1,10,0,0,4,0,0,0,0,2,4,0,2,1,0,1,0,0,0,0,0,1,4,2,0,1,0,0,0,1,0,1,1,1,0,1,1,1,2,0,0,1,0,1,0,0,1,1,0,1,1,1,0,0,0,0,0,1,0,1,1,1,1,1,0,2,0,2,1,2,1,0,0,1,1,1,1,0,0,0,1,1,0,0,0,0,0,0,0,1,1,
RegressionTest0::test083 ,4,4,4,4,4,4,3,4,4,4,4,4,4,5,4,4,4,4,5,5,4,4,4,4,4,4,4,4,4,4,4,4,4,3,4,4,0,4,3,4,3,5,4,4,4,4,4,0,5,5,4,4,4,4,4,4,4,4,4,0,4,4,4,4,0,4,4,4,4,5,4,4,4,4,4,4,4,4,4,4,4,4,0,4,4,4,4,4,4,4,0,4,4,4,4,4,0,4,5,4,0,4,5,4,4,0,4,4,5,6,4,4,4,4,4,4,4,4,0,4,4,4,4,3,4,4,4,4,4,5,4,4,4,5,4,4,4,5,4,4,4,4,4,4,4,5,4,4,4,4,4,4,4,4,5,4,4,4,4,5,4,4,4,4,4,4,4,4,4,5,4,4,4,4,4,4,4,4,5,4,4,4,4,5,4,4,4,4,4,4,4,4,4,4,4,4,4,5,4,
RegressionTest0::test084 ,2,2,2,2,1,2,2,2,2,2,2,2,1,3,2,2,2,2,3,3,2,2,2,2,2,2,2,2,2,2,2,2,2,2,2,2,4,2,2,8,2,3,2,2,2,1,1,4,3,3,2,2,2,2,2,2,2,2,2,4,6,2,2,0,4,2,2,2,2,3,2,2,2,8,2,2,2,2,2,3,6,2,4,0,8,1,8,2,2,0,4,2,2,2,6,2,4,2,3,8,4,1,3,0,1,4,2,2,3,8,2,2,3,2,2,2,2,1,4,2,1,2,2,2,2,2,2,2,2,3,3,1,2,3,2,2,2,3,2,2,2,2,2,2,2,3,1,2,2,2,2,2,2,2,3,2,2,2,2,3,2,2,2,2,2,2,2,2,2,3,2,2,2,1,2,1,2,1,3,2,2,2,2,3,2,2,2,2,2,2,2,2,2,2,2,2,2,3,2,
RegressionTest0::test085 ,8,8,8,8,8,8,7,8,8,8,8,8,8,9,8,8,8,8,9,9,8,8,8,8,8,8,8,8,8,8,8,8,8,7,8,8,4,8,7,0,7,9,8,8,8,8,8,4,9,9,8,8,8,8,8,8,8,8,8,4,6,8,8,8,4,8,8,8,8,9,8,8,8,0,8,8,8,8,8,8,6,8,4,8,0,8,0,8,8,8,4,8,8,8,6,8,4,8,9,0,4,8,9,8,8,4,8,8,9,2,8,8,8,8,8,8,8,8,4,8,8,8,8,7,8,8,8,8,8,9,8,8,8,9,8,8,8,9,8,8,8,8,8,8,8,9,8,8,8,8,8,8,8,8,9,8,8,8,8,9,8,8,8,8,8,8,8,8,8,9,8,8,8,8,8,8,8,8,9,8,8,8,8,9,8,8,8,8,8,8,8,8,8,8,8,8,8,9,8,
RegressionTest0::test086 ,2,2,2,2,1,2,2,2,2,2,2,2,1,3,2,2,2,2,3,3,2,2,2,2,2,2,2,2,2,2,2,2,2,2,2,2,4,2,2,8,2,3,2,2,2,1,1,4,3,3,2,2,2,2,2,2,2,2,2,4,5,2,2,1,4,2,2,2,2,3,2,2,2,8,2,2,2,2,2,3,5,2,4,1,8,0,8,2,2,1,4,2,2,2,5,2,4,2,3,8,4,1,3,1,1,4,2,2,3,9,2,2,3,2,2,2,2,0,4,2,1,2,2,2,2,2,2,2,2,3,3,1,2,3,2,2,2,3,2,2,2,2,2,2,2,3,1,2,2,2,2,2,2,2,3,2,2,2,2,3,2,2,2,2,2,2,2,2,2,3,2,2,2,1,2,1,2,1,3,2,2,2,2,3,2,2,2,2,2,2,2,2,2,2,2,2,2,3,2,
RegressionTest0::test087 ,8,8,8,8,8,8,7,8,8,8,8,8,8,9,8,8,8,8,9,9,8,8,8,8,8,8,8,8,8,8,8,8,8,7,8,8,4,8,7,0,7,9,8,8,8,8,8,4,9,9,8,8,8,8,8,8,8,8,8,4,6,8,8,8,4,8,8,8,8,9,8,8,8,0,8,8,8,8,8,8,6,8,4,8,0,8,0,8,8,8,4,8,8,8,6,8,4,8,9,0,4,8,9,8,8,4,8,8,9,2,8,8,8,8,8,8,8,8,4,8,8,8,8,7,8,8,8,8,8,9,8,8,8,9,8,8,8,9,8,8,8,8,8,8,8,9,8,8,8,8,8,8,8,8,9,8,8,8,8,9,8,8,8,8,8,8,8,8,8,9,8,8,8,8,8,8,8,8,9,8,8,8,8,9,8,8,8,8,8,8,8,8,8,8,8,8,8,9,8,
RegressionTest0::test088 ,0,0,0,0,2,1,1,0,0,0,0,0,2,1,0,0,0,0,1,1,0,0,0,0,0,0,0,0,0,0,1,0,0,1,0,0,4,0,1,8,1,1,1,0,0,2,2,4,1,1,0,0,0,0,0,0,0,0,0,4,7,0,0,2,4,0,0,0,0,1,0,1,0,8,0,0,0,0,0,4,7,0,4,2,8,2,8,0,0,2,4,0,0,0,7,0,4,0,1,8,4,2,1,2,2,4,0,0,1,10,0,0,4,0,0,0,0,2,4,0,2,1,0,1,0,0,0,0,0,1,4,2,0,1,0,0,0,1,0,1,1,1,0,1,1,1,2,0,0,1,0,1,0,0,1,1,0,1,1,1,0,0,0,0,0,1,0,1,1,1,1,1,0,2,0,2,1,2,1,0,0,1,1,1,1,0,0,0,1,1,0,0,0,0,0,0,0,1,1,
RegressionTest0::test089 ,0,0,0,0,2,1,1,0,0,0,0,0,2,1,0,0,0,0,1,1,0,0,0,0,0,0,0,0,0,0,1,0,0,1,0,0,4,0,1,8,1,1,1,0,0,2,2,4,1,1,0,0,0,0,0,0,0,0,0,4,7,0,0,2,4,0,0,0,0,1,0,1,0,8,0,0,0,0,0,4,7,0,4,2,8,2,8,0,0,2,4,0,0,0,7,0,4,0,1,8,4,2,1,2,2,4,0,0,1,10,0,0,4,0,0,0,0,2,4,0,2,1,0,1,0,0,0,0,0,1,4,2,0,1,0,0,0,1,0,1,1,1,0,1,1,1,2,0,0,1,0,1,0,0,1,1,0,1,1,1,0,0,0,0,0,1,0,1,1,1,1,1,0,2,0,2,1,2,1,0,0,1,1,1,1,0,0,0,1,1,0,0,0,0,0,0,0,1,1,
RegressionTest0::test090 ,2,2,2,2,1,2,2,2,2,2,2,2,1,3,2,2,2,2,3,3,2,2,2,2,2,2,2,2,2,2,2,2,2,2,2,2,4,2,2,8,2,3,2,2,2,1,1,4,3,3,2,2,2,2,2,2,2,2,2,4,6,2,2,0,4,2,2,2,2,3,2,2,2,8,2,2,2,2,2,3,6,2,4,0,8,1,8,2,2,0,4,2,2,2,6,2,4,2,3,8,4,1,3,0,1,4,2,2,3,8,2,2,3,2,2,2,2,1,4,2,1,2,2,2,2,2,2,2,2,3,3,1,2,3,2,2,2,3,2,2,2,2,2,2,2,3,1,2,2,2,2,2,2,2,3,2,2,2,2,3,2,2,2,2,2,2,2,2,2,3,2,2,2,1,2,1,2,1,3,2,2,2,2,3,2,2,2,2,2,2,2,2,2,2,2,2,2,3,2,
RegressionTest0::test091 ,4,4,4,4,4,4,3,4,4,4,4,4,4,5,4,4,4,4,5,5,4,4,4,4,4,4,4,4,4,4,4,4,4,3,4,4,0,4,3,4,3,5,4,4,4,4,4,0,5,5,4,4,4,4,4,4,4,4,4,0,4,4,4,4,0,4,4,4,4,5,4,4,4,4,4,4,4,4,4,4,4,4,0,4,4,4,4,4,4,4,0,4,4,4,4,4,0,4,5,4,0,4,5,4,4,0,4,4,5,6,4,4,4,4,4,4,4,4,0,4,4,4,4,3,4,4,4,4,4,5,4,4,4,5,4,4,4,5,4,4,4,4,4,4,4,5,4,4,4,4,4,4,4,4,5,4,4,4,4,5,4,4,4,4,4,4,4,4,4,5,4,4,4,4,4,4,4,4,5,4,4,4,4,5,4,4,4,4,4,4,4,4,4,4,4,4,4,5,4,
RegressionTest0::test092 ,0,0,0,0,2,1,1,0,0,0,0,0,2,1,0,0,0,0,1,1,0,0,0,0,0,0,0,0,0,0,1,0,0,1,0,0,4,0,1,8,1,1,1,0,0,2,2,4,1,1,0,0,0,0,0,0,0,0,0,4,7,0,0,2,4,0,0,0,0,1,0,1,0,8,0,0,0,0,0,4,7,0,4,2,8,2,8,0,0,2,4,0,0,0,7,0,4,0,1,8,4,2,1,2,2,4,0,0,1,10,0,0,4,0,0,0,0,2,4,0,2,1,0,1,0,0,0,0,0,1,4,2,0,1,0,0,0,1,0,1,1,1,0,1,1,1,2,0,0,1,0,1,0,0,1,1,0,1,1,1,0,0,0,0,0,1,0,1,1,1,1,1,0,2,0,2,1,2,1,0,0,1,1,1,1,0,0,0,1,1,0,0,0,0,0,0,0,1,1,
RegressionTest0::test093 ,0,0,0,0,2,1,1,0,0,0,0,0,2,1,0,0,0,0,1,1,0,0,0,0,0,0,0,0,0,0,1,0,0,1,0,0,4,0,1,8,1,1,1,0,0,2,2,4,1,1,0,0,0,0,0,0,0,0,0,4,7,0,0,2,4,0,0,0,0,1,0,1,0,8,0,0,0,0,0,4,7,0,4,2,8,2,8,0,0,2,4,0,0,0,7,0,4,0,1,8,4,2,1,2,2,4,0,0,1,10,0,0,4,0,0,0,0,2,4,0,2,1,0,1,0,0,0,0,0,1,4,2,0,1,0,0,0,1,0,1,1,1,0,1,1,1,2,0,0,1,0,1,0,0,1,1,0,1,1,1,0,0,0,0,0,1,0,1,1,1,1,1,0,2,0,2,1,2,1,0,0,1,1,1,1,0,0,0,1,1,0,0,0,0,0,0,0,1,1,
RegressionTest0::test094 ,0,0,0,0,2,1,1,0,0,0,0,0,2,1,0,0,0,0,1,1,0,0,0,0,0,0,0,0,0,0,1,0,0,1,0,0,4,0,1,8,1,1,1,0,0,2,2,4,1,1,0,0,0,0,0,0,0,0,0,4,7,0,0,2,4,0,0,0,0,1,0,1,0,8,0,0,0,0,0,4,7,0,4,2,8,2,8,0,0,2,4,0,0,0,7,0,4,0,1,8,4,2,1,2,2,4,0,0,1,10,0,0,4,0,0,0,0,2,4,0,2,1,0,1,0,0,0,0,0,1,4,2,0,1,0,0,0,1,0,1,1,1,0,1,1,1,2,0,0,1,0,1,0,0,1,1,0,1,1,1,0,0,0,0,0,1,0,1,1,1,1,1,0,2,0,2,1,2,1,0,0,1,1,1,1,0,0,0,1,1,0,0,0,0,0,0,0,1,1,
RegressionTest0::test095 ,7,7,7,7,6,7,6,7,7,7,7,7,6,8,7,7,7,7,8,8,7,7,7,7,7,7,7,7,7,7,7,7,7,6,7,7,4,7,6,6,6,8,7,7,7,6,6,4,8,8,7,7,7,7,7,7,7,7,7,4,0,7,7,6,4,7,7,7,7,8,7,7,7,6,7,7,7,7,7,6,0,7,4,6,6,5,6,7,7,6,4,7,7,7,0,7,4,7,8,6,4,6,8,6,6,4,7,7,8,5,7,7,6,7,7,7,7,5,4,7,6,7,7,6,7,7,7,7,7,8,6,6,7,8,7,7,7,8,7,7,7,7,7,7,7,8,6,7,7,7,7,7,7,7,8,7,7,7,7,8,7,7,7,7,7,7,7,7,7,8,7,7,7,6,7,6,7,6,8,7,7,7,7,8,7,7,7,7,7,7,7,7,7,7,7,7,7,8,7,
RegressionTest0::test096 ,0,0,0,0,2,1,1,0,0,0,0,0,2,1,0,0,0,0,1,1,0,0,0,0,0,0,0,0,0,0,1,0,0,1,0,0,4,0,1,8,1,1,1,0,0,2,2,4,1,1,0,0,0,0,0,0,0,0,0,4,7,0,0,2,4,0,0,0,0,1,0,1,0,8,0,0,0,0,0,4,7,0,4,2,8,2,8,0,0,2,4,0,0,0,7,0,4,0,1,8,4,2,1,2,2,4,0,0,1,10,0,0,4,0,0,0,0,2,4,0,2,1,0,1,0,0,0,0,0,1,4,2,0,1,0,0,0,1,0,1,1,1,0,1,1,1,2,0,0,1,0,1,0,0,1,1,0,1,1,1,0,0,0,0,0,1,0,1,1,1,1,1,0,2,0,2,1,2,1,0,0,1,1,1,1,0,0,0,1,1,0,0,0,0,0,0,0,1,1,
RegressionTest0::test097 ,4,4,4,4,4,4,3,4,4,4,4,4,4,5,4,4,4,4,5,5,4,4,4,4,4,4,4,4,4,4,4,4,4,3,4,4,0,4,3,4,3,5,4,4,4,4,4,0,5,5,4,4,4,4,4,4,4,4,4,0,4,4,4,4,0,4,4,4,4,5,4,4,4,4,4,4,4,4,4,4,4,4,0,4,4,4,4,4,4,4,0,4,4,4,4,4,0,4,5,4,0,4,5,4,4,0,4,4,5,6,4,4,4,4,4,4,4,4,0,4,4,4,4,3,4,4,4,4,4,5,4,4,4,5,4,4,4,5,4,4,4,4,4,4,4,5,4,4,4,4,4,4,4,4,5,4,4,4,4,5,4,4,4,4,4,4,4,4,4,5,4,4,4,4,4,4,4,4,5,4,4,4,4,5,4,4,4,4,4,4,4,4,4,4,4,4,4,5,4,
RegressionTest0::test098 ,0,0,0,0,2,1,1,0,0,0,0,0,2,1,0,0,0,0,1,1,0,0,0,0,0,0,0,0,0,0,1,0,0,1,0,0,4,0,1,8,1,1,1,0,0,2,2,4,1,1,0,0,0,0,0,0,0,0,0,4,7,0,0,2,4,0,0,0,0,1,0,1,0,8,0,0,0,0,0,4,7,0,4,2,8,2,8,0,0,2,4,0,0,0,7,0,4,0,1,8,4,2,1,2,2,4,0,0,1,10,0,0,4,0,0,0,0,2,4,0,2,1,0,1,0,0,0,0,0,1,4,2,0,1,0,0,0,1,0,1,1,1,0,1,1,1,2,0,0,1,0,1,0,0,1,1,0,1,1,1,0,0,0,0,0,1,0,1,1,1,1,1,0,2,0,2,1,2,1,0,0,1,1,1,1,0,0,0,1,1,0,0,0,0,0,0,0,1,1,
RegressionTest0::test099 ,1,1,1,1,3,2,2,1,1,1,1,1,3,0,1,1,1,1,0,0,1,1,1,1,1,1,1,1,1,1,2,1,1,2,1,1,5,1,2,9,2,0,2,1,1,3,3,5,0,0,1,1,1,1,1,1,1,1,1,5,8,1,1,3,5,1,1,1,1,0,1,2,1,9,1,1,1,1,1,5,8,1,5,3,9,3,9,1,1,3,5,1,1,1,8,1,5,1,0,9,5,3,0,3,3,5,1,1,0,11,1,1,5,1,1,1,1,3,5,1,3,2,1,2,1,1,1,1,1,0,5,3,1,0,1,1,1,0,1,2,2,2,1,2,2,0,3,1,1,2,1,2,1,1,0,2,1,2,2,0,1,1,1,1,1,2,1,2,2,0,2,2,1,3,1,3,2,3,0,1,1,2,2,0,2,1,1,1,2,2,1,1,1,1,1,1,1,0,2,
RegressionTest0::test100 ,8,8,8,8,8,8,7,8,8,8,8,8,8,9,8,8,8,8,9,9,8,8,8,8,8,8,8,8,8,8,8,8,8,7,8,8,4,8,7,0,7,9,8,8,8,8,8,4,9,9,8,8,8,8,8,8,8,8,8,4,6,8,8,8,4,8,8,8,8,9,8,8,8,0,8,8,8,8,8,8,6,8,4,8,0,8,0,8,8,8,4,8,8,8,6,8,4,8,9,0,4,8,9,8,8,4,8,8,9,2,8,8,8,8,8,8,8,8,4,8,8,8,8,7,8,8,8,8,8,9,8,8,8,9,8,8,8,9,8,8,8,8,8,8,8,9,8,8,8,8,8,8,8,8,9,8,8,8,8,9,8,8,8,8,8,8,8,8,8,9,8,8,8,8,8,8,8,8,9,8,8,8,8,9,8,8,8,8,8,8,8,8,8,8,8,8,8,9,8,
RegressionTest0::test101 ,4,4,4,4,4,4,3,4,4,4,4,4,4,5,4,4,4,4,5,5,4,4,4,4,4,4,4,4,4,4,4,4,4,3,4,4,0,4,3,4,3,5,4,4,4,4,4,0,5,5,4,4,4,4,4,4,4,4,4,0,4,4,4,4,0,4,4,4,4,5,4,4,4,4,4,4,4,4,4,4,4,4,0,4,4,4,4,4,4,4,0,4,4,4,4,4,0,4,5,4,0,4,5,4,4,0,4,4,5,6,4,4,4,4,4,4,4,4,0,4,4,4,4,3,4,4,4,4,4,5,4,4,4,5,4,4,4,5,4,4,4,4,4,4,4,5,4,4,4,4,4,4,4,4,5,4,4,4,4,5,4,4,4,4,4,4,4,4,4,5,4,4,4,4,4,4,4,4,5,4,4,4,4,5,4,4,4,4,4,4,4,4,4,4,4,4,4,5,4,
RegressionTest0::test102 ,2,2,2,2,1,2,2,2,2,2,2,2,1,3,2,2,2,2,3,3,2,2,2,2,2,2,2,2,2,2,2,2,2,2,2,2,4,2,2,8,2,3,2,2,2,1,1,4,3,3,2,2,2,2,2,2,2,2,2,4,6,2,2,1,4,2,2,2,2,3,2,2,2,8,2,2,2,2,2,3,6,2,4,1,8,1,8,2,2,1,4,2,2,2,6,2,4,2,3,8,4,0,3,1,1,4,2,2,3,9,2,2,3,2,2,2,2,1,4,2,1,2,2,2,2,2,2,2,2,3,3,1,2,3,2,2,2,3,2,2,2,2,2,2,2,3,1,2,2,2,2,2,2,2,3,2,2,2,2,3,2,2,2,2,2,2,2,2,2,3,2,2,2,1,2,1,2,1,3,2,2,2,2,3,2,2,2,2,2,2,2,2,2,2,2,2,2,3,2,
RegressionTest0::test103 ,1,1,1,1,3,2,2,1,1,1,1,1,3,0,1,1,1,1,0,0,1,1,1,1,1,1,1,1,1,1,2,1,1,2,1,1,5,1,2,9,2,0,2,1,1,3,3,5,0,0,1,1,1,1,1,1,1,1,1,5,8,1,1,3,5,1,1,1,1,0,1,2,1,9,1,1,1,1,1,5,8,1,5,3,9,3,9,1,1,3,5,1,1,1,8,1,5,1,0,9,5,3,0,3,3,5,1,1,0,11,1,1,5,1,1,1,1,3,5,1,3,2,1,2,1,1,1,1,1,0,5,3,1,0,1,1,1,0,1,2,2,2,1,2,2,0,3,1,1,2,1,2,1,1,0,2,1,2,2,0,1,1,1,1,1,2,1,2,2,0,2,2,1,3,1,3,2,3,0,1,1,2,2,0,2,1,1,1,2,2,1,1,1,1,1,1,1,0,2,
RegressionTest0::test104 ,2,2,2,2,1,2,2,2,2,2,2,2,1,3,2,2,2,2,3,3,2,2,2,2,2,2,2,2,2,2,2,2,2,2,2,2,4,2,2,8,2,3,2,2,2,1,1,4,3,3,2,2,2,2,2,2,2,2,2,4,6,2,2,0,4,2,2,2,2,3,2,2,2,8,2,2,2,2,2,3,6,2,4,0,8,1,8,2,2,0,4,2,2,2,6,2,4,2,3,8,4,1,3,0,1,4,2,2,3,8,2,2,3,2,2,2,2,1,4,2,1,2,2,2,2,2,2,2,2,3,3,1,2,3,2,2,2,3,2,2,2,2,2,2,2,3,1,2,2,2,2,2,2,2,3,2,2,2,2,3,2,2,2,2,2,2,2,2,2,3,2,2,2,1,2,1,2,1,3,2,2,2,2,3,2,2,2,2,2,2,2,2,2,2,2,2,2,3,2,
RegressionTest0::test105 ,2,2,2,2,1,2,2,2,2,2,2,2,1,3,2,2,2,2,3,3,2,2,2,2,2,2,2,2,2,2,2,2,2,2,2,2,4,2,2,8,2,3,2,2,2,1,1,4,3,3,2,2,2,2,2,2,2,2,2,4,6,2,2,1,4,2,2,2,2,3,2,2,2,8,2,2,2,2,2,2,6,2,4,1,8,1,8,2,2,1,4,2,2,2,6,2,4,2,3,8,4,1,3,1,0,4,2,2,3,9,2,2,2,2,2,2,2,1,4,2,1,2,2,2,2,2,2,2,2,3,2,1,2,3,2,2,2,3,2,2,2,2,2,2,2,3,1,2,2,2,2,2,2,2,3,2,2,2,2,3,2,2,2,2,2,2,2,2,2,3,2,2,2,0,2,1,2,1,3,2,2,2,2,3,2,2,2,2,2,2,2,2,2,2,2,2,2,3,2,
RegressionTest0::test106 ,4,4,4,4,4,4,3,4,4,4,4,4,4,5,4,4,4,4,5,5,4,4,4,4,4,4,4,4,4,4,4,4,4,3,4,4,0,4,3,4,3,5,4,4,4,4,4,0,5,5,4,4,4,4,4,4,4,4,4,0,4,4,4,4,0,4,4,4,4,5,4,4,4,4,4,4,4,4,4,4,4,4,0,4,4,4,4,4,4,4,0,4,4,4,4,4,0,4,5,4,0,4,5,4,4,0,4,4,5,6,4,4,4,4,4,4,4,4,0,4,4,4,4,3,4,4,4,4,4,5,4,4,4,5,4,4,4,5,4,4,4,4,4,4,4,5,4,4,4,4,4,4,4,4,5,4,4,4,4,5,4,4,4,4,4,4,4,4,4,5,4,4,4,4,4,4,4,4,5,4,4,4,4,5,4,4,4,4,4,4,4,4,4,4,4,4,4,5,4,
RegressionTest0::test107 ,0,0,0,0,2,1,1,0,0,0,0,0,2,1,0,0,0,0,1,1,0,0,0,0,0,0,0,0,0,0,1,0,0,1,0,0,4,0,1,8,1,1,1,0,0,2,2,4,1,1,0,0,0,0,0,0,0,0,0,4,7,0,0,2,4,0,0,0,0,1,0,1,0,8,0,0,0,0,0,4,7,0,4,2,8,2,8,0,0,2,4,0,0,0,7,0,4,0,1,8,4,2,1,2,2,4,0,0,1,10,0,0,4,0,0,0,0,2,4,0,2,1,0,1,0,0,0,0,0,1,4,2,0,1,0,0,0,1,0,1,1,1,0,1,1,1,2,0,0,1,0,1,0,0,1,1,0,1,1,1,0,0,0,0,0,1,0,1,1,1,1,1,0,2,0,2,1,2,1,0,0,1,1,1,1,0,0,0,1,1,0,0,0,0,0,0,0,1,1,
RegressionTest0::test108 ,0,0,0,0,2,1,1,0,0,0,0,0,2,1,0,0,0,0,1,1,0,0,0,0,0,0,0,0,0,0,1,0,0,1,0,0,4,0,1,8,1,1,1,0,0,2,2,4,1,1,0,0,0,0,0,0,0,0,0,4,7,0,0,2,4,0,0,0,0,1,0,1,0,8,0,0,0,0,0,4,7,0,4,2,8,2,8,0,0,2,4,0,0,0,7,0,4,0,1,8,4,2,1,2,2,4,0,0,1,10,0,0,4,0,0,0,0,2,4,0,2,1,0,1,0,0,0,0,0,1,4,2,0,1,0,0,0,1,0,1,1,1,0,1,1,1,2,0,0,1,0,1,0,0,1,1,0,1,1,1,0,0,0,0,0,1,0,1,1,1,1,1,0,2,0,2,1,2,1,0,0,1,1,1,1,0,0,0,1,1,0,0,0,0,0,0,0,1,1,
RegressionTest0::test109 ,1,1,1,1,3,2,2,1,1,1,1,1,3,0,1,1,1,1,0,0,1,1,1,1,1,1,1,1,1,1,2,1,1,2,1,1,5,1,2,9,2,0,2,1,1,3,3,5,0,0,1,1,1,1,1,1,1,1,1,5,8,1,1,3,5,1,1,1,1,0,1,2,1,9,1,1,1,1,1,5,8,1,5,3,9,3,9,1,1,3,5,1,1,1,8,1,5,1,0,9,5,3,0,3,3,5,1,1,0,11,1,1,5,1,1,1,1,3,5,1,3,2,1,2,1,1,1,1,1,0,5,3,1,0,1,1,1,0,1,2,2,2,1,2,2,0,3,1,1,2,1,2,1,1,0,2,1,2,2,0,1,1,1,1,1,2,1,2,2,0,2,2,1,3,1,3,2,3,0,1,1,2,2,0,2,1,1,1,2,2,1,1,1,1,1,1,1,0,2,
RegressionTest0::test110 ,10,10,10,10,9,10,9,10,10,10,10,10,9,11,10,10,10,10,11,11,10,10,10,10,10,10,10,10,10,10,10,10,10,9,10,10,6,10,9,2,9,11,10,10,10,9,9,6,11,11,10,10,10,10,10,10,10,10,10,6,5,10,10,8,6,10,10,10,10,11,10,10,10,2,10,10,10,10,10,9,5,10,6,8,2,9,2,10,10,8,6,10,10,10,5,10,6,10,11,2,6,9,11,8,9,6,10,10,11,0,10,10,9,10,10,10,10,9,6,10,9,10,10,9,10,10,10,10,10,11,9,9,10,11,10,10,10,11,10,10,10,10,10,10,10,11,9,10,10,10,10,10,10,10,11,10,10,10,10,11,10,10,10,10,10,10,10,10,10,11,10,10,10,9,10,9,10,9,11,10,10,10,10,11,10,10,10,10,10,10,10,10,10,10,10,10,10,11,10,
RegressionTest0::test111 ,0,0,0,0,2,1,1,0,0,0,0,0,2,1,0,0,0,0,1,1,0,0,0,0,0,0,0,0,0,0,1,0,0,1,0,0,4,0,1,8,1,1,1,0,0,2,2,4,1,1,0,0,0,0,0,0,0,0,0,4,7,0,0,2,4,0,0,0,0,1,0,1,0,8,0,0,0,0,0,4,7,0,4,2,8,2,8,0,0,2,4,0,0,0,7,0,4,0,1,8,4,2,1,2,2,4,0,0,1,10,0,0,4,0,0,0,0,2,4,0,2,1,0,1,0,0,0,0,0,1,4,2,0,1,0,0,0,1,0,1,1,1,0,1,1,1,2,0,0,1,0,1,0,0,1,1,0,1,1,1,0,0,0,0,0,1,0,1,1,1,1,1,0,2,0,2,1,2,1,0,0,1,1,1,1,0,0,0,1,1,0,0,0,0,0,0,0,1,1,
RegressionTest0::test112 ,0,0,0,0,2,1,1,0,0,0,0,0,2,1,0,0,0,0,1,1,0,0,0,0,0,0,0,0,0,0,1,0,0,1,0,0,4,0,1,8,1,1,1,0,0,2,2,4,1,1,0,0,0,0,0,0,0,0,0,4,7,0,0,2,4,0,0,0,0,1,0,1,0,8,0,0,0,0,0,4,7,0,4,2,8,2,8,0,0,2,4,0,0,0,7,0,4,0,1,8,4,2,1,2,2,4,0,0,1,10,0,0,4,0,0,0,0,2,4,0,2,1,0,1,0,0,0,0,0,1,4,2,0,1,0,0,0,1,0,1,1,1,0,1,1,1,2,0,0,1,0,1,0,0,1,1,0,1,1,1,0,0,0,0,0,1,0,1,1,1,1,1,0,2,0,2,1,2,1,0,0,1,1,1,1,0,0,0,1,1,0,0,0,0,0,0,0,1,1,
RegressionTest0::test113 ,4,4,4,4,2,4,4,4,4,4,4,4,3,5,4,4,4,4,5,5,4,4,4,4,4,4,4,4,4,4,4,4,4,4,4,4,4,4,4,8,4,5,4,4,4,3,3,4,5,5,4,4,4,4,4,4,4,4,4,4,6,4,4,3,4,4,4,4,4,5,4,4,4,8,4,4,4,4,4,0,6,4,4,3,8,3,8,4,4,3,4,4,4,4,6,4,4,4,5,8,4,3,5,3,2,4,4,4,5,9,4,4,0,4,4,4,4,3,4,4,2,4,4,4,4,4,4,4,4,5,0,3,4,5,4,4,4,5,4,4,4,4,4,4,4,5,2,4,4,4,4,4,4,4,5,4,4,4,4,5,4,4,4,4,4,4,4,4,4,5,4,4,4,2,4,3,4,2,5,4,4,4,4,5,4,4,4,4,4,4,4,4,4,4,4,4,4,5,4,
RegressionTest0::test114 ,0,0,0,0,2,1,1,0,0,0,0,0,2,1,0,0,0,0,1,1,0,0,0,0,0,0,0,0,0,0,1,0,0,1,0,0,4,0,1,8,1,1,1,0,0,2,2,4,1,1,0,0,0,0,0,0,0,0,0,4,7,0,0,2,4,0,0,0,0,1,0,1,0,8,0,0,0,0,0,4,7,0,4,2,8,2,8,0,0,2,4,0,0,0,7,0,4,0,1,8,4,2,1,2,2,4,0,0,1,10,0,0,4,0,0,0,0,2,4,0,2,1,0,1,0,0,0,0,0,1,4,2,0,1,0,0,0,1,0,1,1,1,0,1,1,1,2,0,0,1,0,1,0,0,1,1,0,1,1,1,0,0,0,0,0,1,0,1,1,1,1,1,0,2,0,2,1,2,1,0,0,1,1,1,1,0,0,0,1,1,0,0,0,0,0,0,0,1,1,
RegressionTest0::test115 ,0,0,0,0,2,1,1,0,0,0,0,0,2,1,0,0,0,0,1,1,0,0,0,0,0,0,0,0,0,0,1,0,0,1,0,0,4,0,1,8,1,1,1,0,0,2,2,4,1,1,0,0,0,0,0,0,0,0,0,4,7,0,0,2,4,0,0,0,0,1,0,1,0,8,0,0,0,0,0,4,7,0,4,2,8,2,8,0,0,2,4,0,0,0,7,0,4,0,1,8,4,2,1,2,2,4,0,0,1,10,0,0,4,0,0,0,0,2,4,0,2,1,0,1,0,0,0,0,0,1,4,2,0,1,0,0,0,1,0,1,1,1,0,1,1,1,2,0,0,1,0,1,0,0,1,1,0,1,1,1,0,0,0,0,0,1,0,1,1,1,1,1,0,2,0,2,1,2,1,0,0,1,1,1,1,0,0,0,1,1,0,0,0,0,0,0,0,1,1,
RegressionTest0::test116 ,0,0,0,0,2,1,1,0,0,0,0,0,2,1,0,0,0,0,1,1,0,0,0,0,0,0,0,0,0,0,1,0,0,1,0,0,4,0,1,8,1,1,1,0,0,2,2,4,1,1,0,0,0,0,0,0,0,0,0,4,7,0,0,2,4,0,0,0,0,1,0,1,0,8,0,0,0,0,0,4,7,0,4,2,8,2,8,0,0,2,4,0,0,0,7,0,4,0,1,8,4,2,1,2,2,4,0,0,1,10,0,0,4,0,0,0,0,2,4,0,2,1,0,1,0,0,0,0,0,1,4,2,0,1,0,0,0,1,0,1,1,1,0,1,1,1,2,0,0,1,0,1,0,0,1,1,0,1,1,1,0,0,0,0,0,1,0,1,1,1,1,1,0,2,0,2,1,2,1,0,0,1,1,1,1,0,0,0,1,1,0,0,0,0,0,0,0,1,1,
RegressionTest0::test117 ,0,0,0,0,2,1,1,0,0,0,0,0,2,1,0,0,0,0,1,1,0,0,0,0,0,0,0,0,0,0,1,0,0,1,0,0,4,0,1,8,1,1,1,0,0,2,2,4,1,1,0,0,0,0,0,0,0,0,0,4,7,0,0,2,4,0,0,0,0,1,0,1,0,8,0,0,0,0,0,4,7,0,4,2,8,2,8,0,0,2,4,0,0,0,7,0,4,0,1,8,4,2,1,2,2,4,0,0,1,10,0,0,4,0,0,0,0,2,4,0,2,1,0,1,0,0,0,0,0,1,4,2,0,1,0,0,0,1,0,1,1,1,0,1,1,1,2,0,0,1,0,1,0,0,1,1,0,1,1,1,0,0,0,0,0,1,0,1,1,1,1,1,0,2,0,2,1,2,1,0,0,1,1,1,1,0,0,0,1,1,0,0,0,0,0,0,0,1,1,
RegressionTest0::test118 ,2,2,2,2,1,2,2,2,2,2,2,2,1,3,2,2,2,2,3,3,2,2,2,2,2,2,2,2,2,2,2,2,2,2,2,2,4,2,2,8,2,3,2,2,2,1,1,4,3,3,2,2,2,2,2,2,2,2,2,4,5,2,2,1,4,2,2,2,2,3,2,2,2,8,2,2,2,2,2,3,5,2,4,1,8,0,8,2,2,1,4,2,2,2,5,2,4,2,3,8,4,1,3,1,1,4,2,2,3,9,2,2,3,2,2,2,2,0,4,2,1,2,2,2,2,2,2,2,2,3,3,1,2,3,2,2,2,3,2,2,2,2,2,2,2,3,1,2,2,2,2,2,2,2,3,2,2,2,2,3,2,2,2,2,2,2,2,2,2,3,2,2,2,1,2,1,2,1,3,2,2,2,2,3,2,2,2,2,2,2,2,2,2,2,2,2,2,3,2,
RegressionTest0::test119 ,4,4,4,4,4,4,3,4,4,4,4,4,4,5,4,4,4,4,5,5,4,4,4,4,4,4,4,4,4,4,4,4,4,3,4,4,0,4,3,4,3,5,4,4,4,4,4,0,5,5,4,4,4,4,4,4,4,4,4,0,4,4,4,4,0,4,4,4,4,5,4,4,4,4,4,4,4,4,4,4,4,4,0,4,4,4,4,4,4,4,0,4,4,4,4,4,0,4,5,4,0,4,5,4,4,0,4,4,5,6,4,4,4,4,4,4,4,4,0,4,4,4,4,3,4,4,4,4,4,5,4,4,4,5,4,4,4,5,4,4,4,4,4,4,4,5,4,4,4,4,4,4,4,4,5,4,4,4,4,5,4,4,4,4,4,4,4,4,4,5,4,4,4,4,4,4,4,4,5,4,4,4,4,5,4,4,4,4,4,4,4,4,4,4,4,4,4,5,4,
RegressionTest0::test120 ,0,0,0,0,2,1,1,0,0,0,0,0,2,1,0,0,0,0,1,1,0,0,0,0,0,0,0,0,0,0,1,0,0,1,0,0,4,0,1,8,1,1,1,0,0,2,2,4,1,1,0,0,0,0,0,0,0,0,0,4,7,0,0,2,4,0,0,0,0,1,0,1,0,8,0,0,0,0,0,4,7,0,4,2,8,2,8,0,0,2,4,0,0,0,7,0,4,0,1,8,4,2,1,2,2,4,0,0,1,10,0,0,4,0,0,0,0,2,4,0,2,1,0,1,0,0,0,0,0,1,4,2,0,1,0,0,0,1,0,1,1,1,0,1,1,1,2,0,0,1,0,1,0,0,1,1,0,1,1,1,0,0,0,0,0,1,0,1,1,1,1,1,0,2,0,2,1,2,1,0,0,1,1,1,1,0,0,0,1,1,0,0,0,0,0,0,0,1,1,
RegressionTest0::test121 ,2,2,2,2,0,2,2,2,2,2,2,2,1,3,2,2,2,2,3,3,2,2,2,2,2,2,2,2,2,2,2,2,2,2,2,2,4,2,2,8,2,3,2,2,2,1,1,4,3,3,2,2,2,2,2,2,2,2,2,4,6,2,2,1,4,2,2,2,2,3,2,2,2,8,2,2,2,2,2,2,6,2,4,1,8,1,8,2,2,1,4,2,2,2,6,2,4,2,3,8,4,1,3,1,1,4,2,2,3,9,2,2,2,2,2,2,2,1,4,2,0,2,2,2,2,2,2,2,2,3,2,1,2,3,2,2,2,3,2,2,2,2,2,2,2,3,0,2,2,2,2,2,2,2,3,2,2,2,2,3,2,2,2,2,2,2,2,2,2,3,2,2,2,1,2,1,2,0,3,2,2,2,2,3,2,2,2,2,2,2,2,2,2,2,2,2,2,3,2,
RegressionTest0::test122 ,1,1,1,1,2,1,1,1,1,1,1,1,2,2,1,1,1,1,2,2,1,1,1,1,1,1,1,1,1,1,1,1,1,1,1,1,4,1,1,8,1,2,1,1,1,2,2,4,2,2,1,1,1,1,1,1,1,1,1,4,7,1,1,2,4,1,1,1,1,2,1,1,1,8,1,1,1,1,1,4,7,1,4,2,8,2,8,1,1,2,4,1,1,1,7,1,4,1,2,8,4,2,2,2,2,4,1,1,2,10,1,1,4,1,1,1,1,2,4,1,2,0,1,1,1,1,1,1,1,2,4,2,1,2,1,1,1,2,1,1,1,1,1,1,1,2,2,1,1,1,1,1,1,1,2,1,1,1,1,2,1,1,1,1,1,1,1,1,1,2,1,1,1,2,1,2,1,2,2,1,1,1,1,2,1,1,1,1,1,1,1,1,1,1,1,1,1,2,1,
RegressionTest0::test123 ,0,0,0,0,2,1,1,0,0,0,0,0,2,1,0,0,0,0,1,1,0,0,0,0,0,0,0,0,0,0,1,0,0,1,0,0,4,0,1,8,1,1,1,0,0,2,2,4,1,1,0,0,0,0,0,0,0,0,0,4,7,0,0,2,4,0,0,0,0,1,0,1,0,8,0,0,0,0,0,4,7,0,4,2,8,2,8,0,0,2,4,0,0,0,7,0,4,0,1,8,4,2,1,2,2,4,0,0,1,10,0,0,4,0,0,0,0,2,4,0,2,1,0,1,0,0,0,0,0,1,4,2,0,1,0,0,0,1,0,1,1,1,0,1,1,1,2,0,0,1,0,1,0,0,1,1,0,1,1,1,0,0,0,0,0,1,0,1,1,1,1,1,0,2,0,2,1,2,1,0,0,1,1,1,1,0,0,0,1,1,0,0,0,0,0,0,0,1,1,
RegressionTest0::test124 ,1,1,1,1,2,1,0,1,1,1,1,1,2,2,1,1,1,1,2,2,1,1,1,1,1,1,1,1,1,1,1,1,1,0,1,1,3,1,1,7,1,2,1,1,1,2,2,3,2,2,1,1,1,1,1,1,1,1,1,3,6,1,1,2,3,1,1,1,1,2,1,1,1,7,1,1,1,1,1,4,6,1,3,2,7,2,7,1,1,2,3,1,1,1,6,1,3,1,2,7,3,2,2,2,2,3,1,1,2,9,1,1,4,1,1,1,1,2,3,1,2,1,1,0,1,1,1,1,1,2,4,2,1,2,1,1,1,2,1,1,1,1,1,1,1,2,2,1,1,1,1,1,1,1,2,1,1,1,1,2,1,1,1,1,1,1,1,1,1,2,1,1,1,2,1,2,1,2,2,1,1,1,1,2,1,1,1,1,1,1,1,1,1,1,1,1,1,2,1,
RegressionTest0::test125 ,0,0,0,0,2,1,1,0,0,0,0,0,2,1,0,0,0,0,1,1,0,0,0,0,0,0,0,0,0,0,1,0,0,1,0,0,4,0,1,8,1,1,1,0,0,2,2,4,1,1,0,0,0,0,0,0,0,0,0,4,7,0,0,2,4,0,0,0,0,1,0,1,0,8,0,0,0,0,0,4,7,0,4,2,8,2,8,0,0,2,4,0,0,0,7,0,4,0,1,8,4,2,1,2,2,4,0,0,1,10,0,0,4,0,0,0,0,2,4,0,2,1,0,1,0,0,0,0,0,1,4,2,0,1,0,0,0,1,0,1,1,1,0,1,1,1,2,0,0,1,0,1,0,0,1,1,0,1,1,1,0,0,0,0,0,1,0,1,1,1,1,1,0,2,0,2,1,2,1,0,0,1,1,1,1,0,0,0,1,1,0,0,0,0,0,0,0,1,1,
RegressionTest0::test126 ,0,0,0,0,2,1,1,0,0,0,0,0,2,1,0,0,0,0,1,1,0,0,0,0,0,0,0,0,0,0,1,0,0,1,0,0,4,0,1,8,1,1,1,0,0,2,2,4,1,1,0,0,0,0,0,0,0,0,0,4,7,0,0,2,4,0,0,0,0,1,0,1,0,8,0,0,0,0,0,4,7,0,4,2,8,2,8,0,0,2,4,0,0,0,7,0,4,0,1,8,4,2,1,2,2,4,0,0,1,10,0,0,4,0,0,0,0,2,4,0,2,1,0,1,0,0,0,0,0,1,4,2,0,1,0,0,0,1,0,1,1,1,0,1,1,1,2,0,0,1,0,1,0,0,1,1,0,1,1,1,0,0,0,0,0,1,0,1,1,1,1,1,0,2,0,2,1,2,1,0,0,1,1,1,1,0,0,0,1,1,0,0,0,0,0,0,0,1,1,
RegressionTest0::test127 ,0,0,0,0,2,1,1,0,0,0,0,0,2,1,0,0,0,0,1,1,0,0,0,0,0,0,0,0,0,0,1,0,0,1,0,0,4,0,1,8,1,1,1,0,0,2,2,4,1,1,0,0,0,0,0,0,0,0,0,4,7,0,0,2,4,0,0,0,0,1,0,1,0,8,0,0,0,0,0,4,7,0,4,2,8,2,8,0,0,2,4,0,0,0,7,0,4,0,1,8,4,2,1,2,2,4,0,0,1,10,0,0,4,0,0,0,0,2,4,0,2,1,0,1,0,0,0,0,0,1,4,2,0,1,0,0,0,1,0,1,1,1,0,1,1,1,2,0,0,1,0,1,0,0,1,1,0,1,1,1,0,0,0,0,0,1,0,1,1,1,1,1,0,2,0,2,1,2,1,0,0,1,1,1,1,0,0,0,1,1,0,0,0,0,0,0,0,1,1,
RegressionTest0::test128 ,0,0,0,0,2,1,1,0,0,0,0,0,2,1,0,0,0,0,1,1,0,0,0,0,0,0,0,0,0,0,1,0,0,1,0,0,4,0,1,8,1,1,1,0,0,2,2,4,1,1,0,0,0,0,0,0,0,0,0,4,7,0,0,2,4,0,0,0,0,1,0,1,0,8,0,0,0,0,0,4,7,0,4,2,8,2,8,0,0,2,4,0,0,0,7,0,4,0,1,8,4,2,1,2,2,4,0,0,1,10,0,0,4,0,0,0,0,2,4,0,2,1,0,1,0,0,0,0,0,1,4,2,0,1,0,0,0,1,0,1,1,1,0,1,1,1,2,0,0,1,0,1,0,0,1,1,0,1,1,1,0,0,0,0,0,1,0,1,1,1,1,1,0,2,0,2,1,2,1,0,0,1,1,1,1,0,0,0,1,1,0,0,0,0,0,0,0,1,1,
RegressionTest0::test129 ,0,0,0,0,2,1,1,0,0,0,0,0,2,1,0,0,0,0,1,1,0,0,0,0,0,0,0,0,0,0,1,0,0,1,0,0,4,0,1,8,1,1,1,0,0,2,2,4,1,1,0,0,0,0,0,0,0,0,0,4,7,0,0,2,4,0,0,0,0,1,0,1,0,8,0,0,0,0,0,4,7,0,4,2,8,2,8,0,0,2,4,0,0,0,7,0,4,0,1,8,4,2,1,2,2,4,0,0,1,10,0,0,4,0,0,0,0,2,4,0,2,1,0,1,0,0,0,0,0,1,4,2,0,1,0,0,0,1,0,1,1,1,0,1,1,1,2,0,0,1,0,1,0,0,1,1,0,1,1,1,0,0,0,0,0,1,0,1,1,1,1,1,0,2,0,2,1,2,1,0,0,1,1,1,1,0,0,0,1,1,0,0,0,0,0,0,0,1,1,
RegressionTest0::test130 ,1,1,1,1,3,2,2,1,1,1,1,1,3,0,1,1,1,1,0,0,1,1,1,1,1,1,1,1,1,1,2,1,1,2,1,1,5,1,2,9,2,0,2,1,1,3,3,5,0,0,1,1,1,1,1,1,1,1,1,5,8,1,1,3,5,1,1,1,1,0,1,2,1,9,1,1,1,1,1,5,8,1,5,3,9,3,9,1,1,3,5,1,1,1,8,1,5,1,0,9,5,3,0,3,3,5,1,1,0,11,1,1,5,1,1,1,1,3,5,1,3,2,1,2,1,1,1,1,1,0,5,3,1,0,1,1,1,0,1,2,2,2,1,2,2,0,3,1,1,2,1,2,1,1,0,2,1,2,2,0,1,1,1,1,1,2,1,2,2,0,2,2,1,3,1,3,2,3,0,1,1,2,2,0,2,1,1,1,2,2,1,1,1,1,1,1,1,0,2,
RegressionTest0::test131 ,4,4,4,4,2,4,4,4,4,4,4,4,3,5,4,4,4,4,5,5,4,4,4,4,4,4,4,4,4,4,4,4,4,4,4,4,4,4,4,8,4,5,4,4,4,3,3,4,5,5,4,4,4,4,4,4,4,4,4,4,6,4,4,3,4,4,4,4,4,5,4,4,4,8,4,4,4,4,4,0,6,4,4,3,8,3,8,4,4,3,4,4,4,4,6,4,4,4,5,8,4,3,5,3,2,4,4,4,5,9,4,4,0,4,4,4,4,3,4,4,2,4,4,4,4,4,4,4,4,5,0,3,4,5,4,4,4,5,4,4,4,4,4,4,4,5,2,4,4,4,4,4,4,4,5,4,4,4,4,5,4,4,4,4,4,4,4,4,4,5,4,4,4,2,4,3,4,2,5,4,4,4,4,5,4,4,4,4,4,4,4,4,4,4,4,4,4,5,4,
RegressionTest0::test132 ,2,2,2,2,1,2,2,2,2,2,2,2,1,3,2,2,2,2,3,3,2,2,2,2,2,2,2,2,2,2,2,2,2,2,2,2,4,2,2,8,2,3,2,2,2,1,0,4,3,3,2,2,2,2,2,2,2,2,2,4,6,2,2,1,4,2,2,2,2,3,2,2,2,8,2,2,2,2,2,3,6,2,4,1,8,1,8,2,2,1,4,2,2,2,6,2,4,2,3,8,4,1,3,1,1,4,2,2,3,9,2,2,3,2,2,2,2,1,4,2,1,2,2,2,2,2,2,2,2,3,3,0,2,3,2,2,2,3,2,2,2,2,2,2,2,3,1,2,2,2,2,2,2,2,3,2,2,2,2,3,2,2,2,2,2,2,2,2,2,3,2,2,2,1,2,0,2,1,3,2,2,2,2,3,2,2,2,2,2,2,2,2,2,2,2,2,2,3,2,
RegressionTest0::test133 ,0,0,0,0,2,1,1,0,0,0,0,0,2,1,0,0,0,0,1,1,0,0,0,0,0,0,0,0,0,0,1,0,0,1,0,0,4,0,1,8,1,1,1,0,0,2,2,4,1,1,0,0,0,0,0,0,0,0,0,4,7,0,0,2,4,0,0,0,0,1,0,1,0,8,0,0,0,0,0,4,7,0,4,2,8,2,8,0,0,2,4,0,0,0,7,0,4,0,1,8,4,2,1,2,2,4,0,0,1,10,0,0,4,0,0,0,0,2,4,0,2,1,0,1,0,0,0,0,0,1,4,2,0,1,0,0,0,1,0,1,1,1,0,1,1,1,2,0,0,1,0,1,0,0,1,1,0,1,1,1,0,0,0,0,0,1,0,1,1,1,1,1,0,2,0,2,1,2,1,0,0,1,1,1,1,0,0,0,1,1,0,0,0,0,0,0,0,1,1,
RegressionTest0::test134 ,1,1,1,1,3,2,2,1,1,1,1,1,3,0,1,1,1,1,0,0,1,1,1,1,1,1,1,1,1,1,2,1,1,2,1,1,5,1,2,9,2,0,2,1,1,3,3,5,0,0,1,1,1,1,1,1,1,1,1,5,8,1,1,3,5,1,1,1,1,0,1,2,1,9,1,1,1,1,1,5,8,1,5,3,9,3,9,1,1,3,5,1,1,1,8,1,5,1,0,9,5,3,0,3,3,5,1,1,0,11,1,1,5,1,1,1,1,3,5,1,3,2,1,2,1,1,1,1,1,0,5,3,1,0,1,1,1,0,1,2,2,2,1,2,2,0,3,1,1,2,1,2,1,1,0,2,1,2,2,0,1,1,1,1,1,2,1,2,2,0,2,2,1,3,1,3,2,3,0,1,1,2,2,0,2,1,1,1,2,2,1,1,1,1,1,1,1,0,2,
RegressionTest0::test135 ,0,0,0,0,2,1,1,0,0,0,0,0,2,1,0,0,0,0,1,1,0,0,0,0,0,0,0,0,0,0,1,0,0,1,0,0,4,0,1,8,1,1,1,0,0,2,2,4,1,1,0,0,0,0,0,0,0,0,0,4,7,0,0,2,4,0,0,0,0,1,0,1,0,8,0,0,0,0,0,4,7,0,4,2,8,2,8,0,0,2,4,0,0,0,7,0,4,0,1,8,4,2,1,2,2,4,0,0,1,10,0,0,4,0,0,0,0,2,4,0,2,1,0,1,0,0,0,0,0,1,4,2,0,1,0,0,0,1,0,1,1,1,0,1,1,1,2,0,0,1,0,1,0,0,1,1,0,1,1,1,0,0,0,0,0,1,0,1,1,1,1,1,0,2,0,2,1,2,1,0,0,1,1,1,1,0,0,0,1,1,0,0,0,0,0,0,0,1,1,
RegressionTest0::test136 ,0,0,0,0,2,1,1,0,0,0,0,0,2,1,0,0,0,0,1,1,0,0,0,0,0,0,0,0,0,0,1,0,0,1,0,0,4,0,1,8,1,1,1,0,0,2,2,4,1,1,0,0,0,0,0,0,0,0,0,4,7,0,0,2,4,0,0,0,0,1,0,1,0,8,0,0,0,0,0,4,7,0,4,2,8,2,8,0,0,2,4,0,0,0,7,0,4,0,1,8,4,2,1,2,2,4,0,0,1,10,0,0,4,0,0,0,0,2,4,0,2,1,0,1,0,0,0,0,0,1,4,2,0,1,0,0,0,1,0,1,1,1,0,1,1,1,2,0,0,1,0,1,0,0,1,1,0,1,1,1,0,0,0,0,0,1,0,1,1,1,1,1,0,2,0,2,1,2,1,0,0,1,1,1,1,0,0,0,1,1,0,0,0,0,0,0,0,1,1,
RegressionTest0::test137 ,0,0,0,0,2,1,1,0,0,0,0,0,2,1,0,0,0,0,1,1,0,0,0,0,0,0,0,0,0,0,1,0,0,1,0,0,4,0,1,8,1,1,1,0,0,2,2,4,1,1,0,0,0,0,0,0,0,0,0,4,7,0,0,2,4,0,0,0,0,1,0,1,0,8,0,0,0,0,0,4,7,0,4,2,8,2,8,0,0,2,4,0,0,0,7,0,4,0,1,8,4,2,1,2,2,4,0,0,1,10,0,0,4,0,0,0,0,2,4,0,2,1,0,1,0,0,0,0,0,1,4,2,0,1,0,0,0,1,0,1,1,1,0,1,1,1,2,0,0,1,0,1,0,0,1,1,0,1,1,1,0,0,0,0,0,1,0,1,1,1,1,1,0,2,0,2,1,2,1,0,0,1,1,1,1,0,0,0,1,1,0,0,0,0,0,0,0,1,1,
RegressionTest0::test138 ,1,1,1,1,3,2,2,1,1,1,1,1,3,0,1,1,1,1,0,0,1,1,1,1,1,1,1,1,1,1,2,1,1,2,1,1,5,1,2,9,2,0,2,1,1,3,3,5,0,0,1,1,1,1,1,1,1,1,1,5,8,1,1,3,5,1,1,1,1,0,1,2,1,9,1,1,1,1,1,5,8,1,5,3,9,3,9,1,1,3,5,1,1,1,8,1,5,1,0,9,5,3,0,3,3,5,1,1,0,11,1,1,5,1,1,1,1,3,5,1,3,2,1,2,1,1,1,1,1,0,5,3,1,0,1,1,1,0,1,2,2,2,1,2,2,0,3,1,1,2,1,2,1,1,0,2,1,2,2,0,1,1,1,1,1,2,1,2,2,0,2,2,1,3,1,3,2,3,0,1,1,2,2,0,2,1,1,1,2,2,1,1,1,1,1,1,1,0,2,
RegressionTest0::test139 ,0,0,0,0,2,1,1,0,0,0,0,0,2,1,0,0,0,0,1,1,0,0,0,0,0,0,0,0,0,0,1,0,0,1,0,0,4,0,1,8,1,1,1,0,0,2,2,4,1,1,0,0,0,0,0,0,0,0,0,4,7,0,0,2,4,0,0,0,0,1,0,1,0,8,0,0,0,0,0,4,7,0,4,2,8,2,8,0,0,2,4,0,0,0,7,0,4,0,1,8,4,2,1,2,2,4,0,0,1,10,0,0,4,0,0,0,0,2,4,0,2,1,0,1,0,0,0,0,0,1,4,2,0,1,0,0,0,1,0,1,1,1,0,1,1,1,2,0,0,1,0,1,0,0,1,1,0,1,1,1,0,0,0,0,0,1,0,1,1,1,1,1,0,2,0,2,1,2,1,0,0,1,1,1,1,0,0,0,1,1,0,0,0,0,0,0,0,1,1,
RegressionTest0::test140 ,1,1,1,1,2,1,1,1,1,1,1,1,2,2,1,1,1,1,2,2,1,1,1,1,1,1,1,1,1,1,1,1,1,1,1,1,4,1,1,8,1,2,0,1,1,2,2,4,2,2,1,1,1,1,1,1,1,1,1,4,7,1,1,2,4,1,1,1,1,2,1,0,1,8,1,1,1,1,1,4,7,1,4,2,8,2,8,1,1,2,4,1,1,1,7,1,4,1,2,8,4,2,2,2,2,4,1,1,2,10,1,1,4,1,1,1,1,2,4,1,2,1,1,1,1,1,1,1,1,2,4,2,1,2,1,1,1,2,1,0,0,0,1,0,0,2,2,1,1,0,1,0,1,1,2,0,1,0,0,2,1,1,1,1,1,0,1,0,0,2,0,0,1,2,1,2,0,2,2,1,1,0,0,2,0,1,1,1,0,0,1,1,1,1,1,1,1,2,0,
RegressionTest0::test141 ,1,1,1,1,2,1,1,1,1,1,1,1,2,2,1,1,1,1,2,2,1,1,1,1,1,1,1,1,1,1,1,1,1,1,1,1,4,1,1,8,1,2,0,1,1,2,2,4,2,2,1,1,1,1,1,1,1,1,1,4,7,1,1,2,4,1,1,1,1,2,1,0,1,8,1,1,1,1,1,4,7,1,4,2,8,2,8,1,1,2,4,1,1,1,7,1,4,1,2,8,4,2,2,2,2,4,1,1,2,10,1,1,4,1,1,1,1,2,4,1,2,1,1,1,1,1,1,1,1,2,4,2,1,2,1,1,1,2,1,0,0,0,1,0,0,2,2,1,1,0,1,0,1,1,2,0,1,0,0,2,1,1,1,1,1,0,1,0,0,2,0,0,1,2,1,2,0,2,2,1,1,0,0,2,0,1,1,1,0,0,1,1,1,1,1,1,1,2,0,
RegressionTest0::test142 ,1,1,1,1,2,1,1,1,1,1,1,1,2,2,1,1,1,1,2,2,1,1,1,1,1,1,1,1,1,1,1,1,1,1,1,1,4,1,1,8,1,2,0,1,1,2,2,4,2,2,1,1,1,1,1,1,1,1,1,4,7,1,1,2,4,1,1,1,1,2,1,0,1,8,1,1,1,1,1,4,7,1,4,2,8,2,8,1,1,2,4,1,1,1,7,1,4,1,2,8,4,2,2,2,2,4,1,1,2,10,1,1,4,1,1,1,1,2,4,1,2,1,1,1,1,1,1,1,1,2,4,2,1,2,1,1,1,2,1,0,0,0,1,0,0,2,2,1,1,0,1,0,1,1,2,0,1,0,0,2,1,1,1,1,1,0,1,0,0,2,0,0,1,2,1,2,0,2,2,1,1,0,0,2,0,1,1,1,0,0,1,1,1,1,1,1,1,2,0,
RegressionTest0::test143 ,0,0,0,0,2,1,1,0,0,0,0,0,2,1,0,0,0,0,1,1,0,0,0,0,0,0,0,0,0,0,1,0,0,1,0,0,4,0,1,8,1,1,1,0,0,2,2,4,1,1,0,0,0,0,0,0,0,0,0,4,7,0,0,2,4,0,0,0,0,1,0,1,0,8,0,0,0,0,0,4,7,0,4,2,8,2,8,0,0,2,4,0,0,0,7,0,4,0,1,8,4,2,1,2,2,4,0,0,1,10,0,0,4,0,0,0,0,2,4,0,2,1,0,1,0,0,0,0,0,1,4,2,0,1,0,0,0,1,0,1,1,1,0,1,1,1,2,0,0,1,0,1,0,0,1,1,0,1,1,1,0,0,0,0,0,1,0,1,1,1,1,1,0,2,0,2,1,2,1,0,0,1,1,1,1,0,0,0,1,1,0,0,0,0,0,0,0,1,1,
RegressionTest0::test144 ,1,1,1,1,2,1,1,1,1,1,1,1,2,2,1,1,1,1,2,2,1,1,1,1,1,1,1,1,1,1,1,1,1,1,1,1,4,1,1,8,1,2,0,1,1,2,2,4,2,2,1,1,1,1,1,1,1,1,1,4,7,1,1,2,4,1,1,1,1,2,1,0,1,8,1,1,1,1,1,4,7,1,4,2,8,2,8,1,1,2,4,1,1,1,7,1,4,1,2,8,4,2,2,2,2,4,1,1,2,10,1,1,4,1,1,1,1,2,4,1,2,1,1,1,1,1,1,1,1,2,4,2,1,2,1,1,1,2,1,0,0,0,1,0,0,2,2,1,1,0,1,0,1,1,2,0,1,0,0,2,1,1,1,1,1,0,1,0,0,2,0,0,1,2,1,2,0,2,2,1,1,0,0,2,0,1,1,1,0,0,1,1,1,1,1,1,1,2,0,
RegressionTest0::test145 ,1,1,1,1,2,1,1,1,1,1,1,1,2,2,1,1,1,1,2,2,1,1,1,1,1,1,1,1,1,1,1,1,1,1,1,1,4,1,1,8,1,2,0,1,1,2,2,4,2,2,1,1,1,1,1,1,1,1,1,4,7,1,1,2,4,1,1,1,1,2,1,0,1,8,1,1,1,1,1,4,7,1,4,2,8,2,8,1,1,2,4,1,1,1,7,1,4,1,2,8,4,2,2,2,2,4,1,1,2,10,1,1,4,1,1,1,1,2,4,1,2,1,1,1,1,1,1,1,1,2,4,2,1,2,1,1,1,2,1,0,0,0,1,0,0,2,2,1,1,0,1,0,1,1,2,0,1,0,0,2,1,1,1,1,1,0,1,0,0,2,0,0,1,2,1,2,0,2,2,1,1,0,0,2,0,1,1,1,0,0,1,1,1,1,1,1,1,2,0,
RegressionTest0::test146 ,1,1,1,1,3,2,2,1,1,1,1,1,3,0,1,1,1,1,0,0,1,1,1,1,1,1,1,1,1,1,2,1,1,2,1,1,5,1,2,9,2,0,2,1,1,3,3,5,0,0,1,1,1,1,1,1,1,1,1,5,8,1,1,3,5,1,1,1,1,0,1,2,1,9,1,1,1,1,1,5,8,1,5,3,9,3,9,1,1,3,5,1,1,1,8,1,5,1,0,9,5,3,0,3,3,5,1,1,0,11,1,1,5,1,1,1,1,3,5,1,3,2,1,2,1,1,1,1,1,0,5,3,1,0,1,1,1,0,1,2,2,2,1,2,2,0,3,1,1,2,1,2,1,1,0,2,1,2,2,0,1,1,1,1,1,2,1,2,2,0,2,2,1,3,1,3,2,3,0,1,1,2,2,0,2,1,1,1,2,2,1,1,1,1,1,1,1,0,2,
RegressionTest0::test147 ,2,2,2,2,0,2,2,2,2,2,2,2,1,3,2,2,2,2,3,3,2,2,2,2,2,2,2,2,2,2,2,2,2,2,2,2,4,2,2,8,2,3,2,2,2,1,1,4,3,3,2,2,2,2,2,2,2,2,2,4,6,2,2,1,4,2,2,2,2,3,2,2,2,8,2,2,2,2,2,2,6,2,4,1,8,1,8,2,2,1,4,2,2,2,6,2,4,2,3,8,4,1,3,1,1,4,2,2,3,9,2,2,2,2,2,2,2,1,4,2,0,2,2,2,2,2,2,2,2,3,2,1,2,3,2,2,2,3,2,2,2,2,2,2,2,3,0,2,2,2,2,2,2,2,3,2,2,2,2,3,2,2,2,2,2,2,2,2,2,3,2,2,2,1,2,1,2,0,3,2,2,2,2,3,2,2,2,2,2,2,2,2,2,2,2,2,2,3,2,
RegressionTest0::test148 ,0,0,0,0,2,1,1,0,0,0,0,0,2,1,0,0,0,0,1,1,0,0,0,0,0,0,0,0,0,0,1,0,0,1,0,0,4,0,1,8,1,1,1,0,0,2,2,4,1,1,0,0,0,0,0,0,0,0,0,4,7,0,0,2,4,0,0,0,0,1,0,1,0,8,0,0,0,0,0,4,7,0,4,2,8,2,8,0,0,2,4,0,0,0,7,0,4,0,1,8,4,2,1,2,2,4,0,0,1,10,0,0,4,0,0,0,0,2,4,0,2,1,0,1,0,0,0,0,0,1,4,2,0,1,0,0,0,1,0,1,1,1,0,1,1,1,2,0,0,1,0,1,0,0,1,1,0,1,1,1,0,0,0,0,0,1,0,1,1,1,1,1,0,2,0,2,1,2,1,0,0,1,1,1,1,0,0,0,1,1,0,0,0,0,0,0,0,1,1,
RegressionTest0::test149 ,0,0,0,0,2,1,1,0,0,0,0,0,2,1,0,0,0,0,1,1,0,0,0,0,0,0,0,0,0,0,1,0,0,1,0,0,4,0,1,8,1,1,1,0,0,2,2,4,1,1,0,0,0,0,0,0,0,0,0,4,7,0,0,2,4,0,0,0,0,1,0,1,0,8,0,0,0,0,0,4,7,0,4,2,8,2,8,0,0,2,4,0,0,0,7,0,4,0,1,8,4,2,1,2,2,4,0,0,1,10,0,0,4,0,0,0,0,2,4,0,2,1,0,1,0,0,0,0,0,1,4,2,0,1,0,0,0,1,0,1,1,1,0,1,1,1,2,0,0,1,0,1,0,0,1,1,0,1,1,1,0,0,0,0,0,1,0,1,1,1,1,1,0,2,0,2,1,2,1,0,0,1,1,1,1,0,0,0,1,1,0,0,0,0,0,0,0,1,1,
RegressionTest0::test150 ,1,1,1,1,2,1,1,1,1,1,1,1,2,2,1,1,1,1,2,2,1,1,1,1,1,1,1,1,1,1,1,1,1,1,1,1,4,1,1,8,1,2,0,1,1,2,2,4,2,2,1,1,1,1,1,1,1,1,1,4,7,1,1,2,4,1,1,1,1,2,1,0,1,8,1,1,1,1,1,4,7,1,4,2,8,2,8,1,1,2,4,1,1,1,7,1,4,1,2,8,4,2,2,2,2,4,1,1,2,10,1,1,4,1,1,1,1,2,4,1,2,1,1,1,1,1,1,1,1,2,4,2,1,2,1,1,1,2,1,0,0,0,1,0,0,2,2,1,1,0,1,0,1,1,2,0,1,0,0,2,1,1,1,1,1,0,1,0,0,2,0,0,1,2,1,2,0,2,2,1,1,0,0,2,0,1,1,1,0,0,1,1,1,1,1,1,1,2,0,
RegressionTest0::test151 ,0,0,0,0,2,1,1,0,0,0,0,0,2,1,0,0,0,0,1,1,0,0,0,0,0,0,0,0,0,0,1,0,0,1,0,0,4,0,1,8,1,1,1,0,0,2,2,4,1,1,0,0,0,0,0,0,0,0,0,4,7,0,0,2,4,0,0,0,0,1,0,1,0,8,0,0,0,0,0,4,7,0,4,2,8,2,8,0,0,2,4,0,0,0,7,0,4,0,1,8,4,2,1,2,2,4,0,0,1,10,0,0,4,0,0,0,0,2,4,0,2,1,0,1,0,0,0,0,0,1,4,2,0,1,0,0,0,1,0,1,1,1,0,1,1,1,2,0,0,1,0,1,0,0,1,1,0,1,1,1,0,0,0,0,0,1,0,1,1,1,1,1,0,2,0,2,1,2,1,0,0,1,1,1,1,0,0,0,1,1,0,0,0,0,0,0,0,1,1,
RegressionTest0::test152 ,1,1,1,1,2,1,1,1,1,1,1,1,2,2,1,1,1,1,2,2,1,1,1,1,1,1,1,1,1,1,1,1,1,1,1,1,4,1,1,8,1,2,0,1,1,2,2,4,2,2,1,1,1,1,1,1,1,1,1,4,7,1,1,2,4,1,1,1,1,2,1,0,1,8,1,1,1,1,1,4,7,1,4,2,8,2,8,1,1,2,4,1,1,1,7,1,4,1,2,8,4,2,2,2,2,4,1,1,2,10,1,1,4,1,1,1,1,2,4,1,2,1,1,1,1,1,1,1,1,2,4,2,1,2,1,1,1,2,1,0,0,0,1,0,0,2,2,1,1,0,1,0,1,1,2,0,1,0,0,2,1,1,1,1,1,0,1,0,0,2,0,0,1,2,1,2,0,2,2,1,1,0,0,2,0,1,1,1,0,0,1,1,1,1,1,1,1,2,0,
RegressionTest0::test153 ,0,0,0,0,2,1,1,0,0,0,0,0,2,1,0,0,0,0,1,1,0,0,0,0,0,0,0,0,0,0,1,0,0,1,0,0,4,0,1,8,1,1,1,0,0,2,2,4,1,1,0,0,0,0,0,0,0,0,0,4,7,0,0,2,4,0,0,0,0,1,0,1,0,8,0,0,0,0,0,4,7,0,4,2,8,2,8,0,0,2,4,0,0,0,7,0,4,0,1,8,4,2,1,2,2,4,0,0,1,10,0,0,4,0,0,0,0,2,4,0,2,1,0,1,0,0,0,0,0,1,4,2,0,1,0,0,0,1,0,1,1,1,0,1,1,1,2,0,0,1,0,1,0,0,1,1,0,1,1,1,0,0,0,0,0,1,0,1,1,1,1,1,0,2,0,2,1,2,1,0,0,1,1,1,1,0,0,0,1,1,0,0,0,0,0,0,0,1,1,
RegressionTest0::test154 ,0,0,0,0,2,1,1,0,0,0,0,0,2,1,0,0,0,0,1,1,0,0,0,0,0,0,0,0,0,0,1,0,0,1,0,0,4,0,1,8,1,1,1,0,0,2,2,4,1,1,0,0,0,0,0,0,0,0,0,4,7,0,0,2,4,0,0,0,0,1,0,1,0,8,0,0,0,0,0,4,7,0,4,2,8,2,8,0,0,2,4,0,0,0,7,0,4,0,1,8,4,2,1,2,2,4,0,0,1,10,0,0,4,0,0,0,0,2,4,0,2,1,0,1,0,0,0,0,0,1,4,2,0,1,0,0,0,1,0,1,1,1,0,1,1,1,2,0,0,1,0,1,0,0,1,1,0,1,1,1,0,0,0,0,0,1,0,1,1,1,1,1,0,2,0,2,1,2,1,0,0,1,1,1,1,0,0,0,1,1,0,0,0,0,0,0,0,1,1,
RegressionTest0::test155 ,1,1,1,1,3,2,2,1,1,1,1,1,3,0,1,1,1,1,0,0,1,1,1,1,1,1,1,1,1,1,2,1,1,2,1,1,5,1,2,9,2,0,2,1,1,3,3,5,0,0,1,1,1,1,1,1,1,1,1,5,8,1,1,3,5,1,1,1,1,0,1,2,1,9,1,1,1,1,1,5,8,1,5,3,9,3,9,1,1,3,5,1,1,1,8,1,5,1,0,9,5,3,0,3,3,5,1,1,0,11,1,1,5,1,1,1,1,3,5,1,3,2,1,2,1,1,1,1,1,0,5,3,1,0,1,1,1,0,1,2,2,2,1,2,2,0,3,1,1,2,1,2,1,1,0,2,1,2,2,0,1,1,1,1,1,2,1,2,2,0,2,2,1,3,1,3,2,3,0,1,1,2,2,0,2,1,1,1,2,2,1,1,1,1,1,1,1,0,2,
RegressionTest0::test156 ,1,1,1,1,2,1,1,1,1,1,1,1,2,2,1,1,1,1,2,2,1,1,1,1,1,1,1,1,1,1,1,1,1,1,1,1,4,1,1,8,1,2,0,1,1,2,2,4,2,2,1,1,1,1,1,1,1,1,1,4,7,1,1,2,4,1,1,1,1,2,1,0,1,8,1,1,1,1,1,4,7,1,4,2,8,2,8,1,1,2,4,1,1,1,7,1,4,1,2,8,4,2,2,2,2,4,1,1,2,10,1,1,4,1,1,1,1,2,4,1,2,1,1,1,1,1,1,1,1,2,4,2,1,2,1,1,1,2,1,0,0,0,1,0,0,2,2,1,1,0,1,0,1,1,2,0,1,0,0,2,1,1,1,1,1,0,1,0,0,2,0,0,1,2,1,2,0,2,2,1,1,0,0,2,0,1,1,1,0,0,1,1,1,1,1,1,1,2,0,
RegressionTest0::test157 ,0,0,0,0,2,1,1,0,0,0,0,0,2,1,0,0,0,0,1,1,0,0,0,0,0,0,0,0,0,0,1,0,0,1,0,0,4,0,1,8,1,1,1,0,0,2,2,4,1,1,0,0,0,0,0,0,0,0,0,4,7,0,0,2,4,0,0,0,0,1,0,1,0,8,0,0,0,0,0,4,7,0,4,2,8,2,8,0,0,2,4,0,0,0,7,0,4,0,1,8,4,2,1,2,2,4,0,0,1,10,0,0,4,0,0,0,0,2,4,0,2,1,0,1,0,0,0,0,0,1,4,2,0,1,0,0,0,1,0,1,1,1,0,1,1,1,2,0,0,1,0,1,0,0,1,1,0,1,1,1,0,0,0,0,0,1,0,1,1,1,1,1,0,2,0,2,1,2,1,0,0,1,1,1,1,0,0,0,1,1,0,0,0,0,0,0,0,1,1,
RegressionTest0::test158 ,1,1,1,1,2,1,1,1,1,1,1,1,2,2,1,1,1,1,2,2,1,1,1,1,1,1,1,1,1,1,1,1,1,1,1,1,4,1,1,8,1,2,0,1,1,2,2,4,2,2,1,1,1,1,1,1,1,1,1,4,7,1,1,2,4,1,1,1,1,2,1,0,1,8,1,1,1,1,1,4,7,1,4,2,8,2,8,1,1,2,4,1,1,1,7,1,4,1,2,8,4,2,2,2,2,4,1,1,2,10,1,1,4,1,1,1,1,2,4,1,2,1,1,1,1,1,1,1,1,2,4,2,1,2,1,1,1,2,1,0,0,0,1,0,0,2,2,1,1,0,1,0,1,1,2,0,1,0,0,2,1,1,1,1,1,0,1,0,0,2,0,0,1,2,1,2,0,2,2,1,1,0,0,2,0,1,1,1,0,0,1,1,1,1,1,1,1,2,0,
RegressionTest0::test159 ,1,1,1,1,2,1,1,1,1,1,1,1,2,2,1,1,1,1,2,2,1,1,1,1,1,1,1,1,1,1,1,1,1,1,1,1,4,1,1,8,1,2,0,1,1,2,2,4,2,2,1,1,1,1,1,1,1,1,1,4,7,1,1,2,4,1,1,1,1,2,1,0,1,8,1,1,1,1,1,4,7,1,4,2,8,2,8,1,1,2,4,1,1,1,7,1,4,1,2,8,4,2,2,2,2,4,1,1,2,10,1,1,4,1,1,1,1,2,4,1,2,1,1,1,1,1,1,1,1,2,4,2,1,2,1,1,1,2,1,0,0,0,1,0,0,2,2,1,1,0,1,0,1,1,2,0,1,0,0,2,1,1,1,1,1,0,1,0,0,2,0,0,1,2,1,2,0,2,2,1,1,0,0,2,0,1,1,1,0,0,1,1,1,1,1,1,1,2,0,
RegressionTest0::test160 ,1,1,1,1,3,2,2,1,1,1,1,1,3,0,1,1,1,1,0,0,1,1,1,1,1,1,1,1,1,1,2,1,1,2,1,1,5,1,2,9,2,0,2,1,1,3,3,5,0,0,1,1,1,1,1,1,1,1,1,5,8,1,1,3,5,1,1,1,1,0,1,2,1,9,1,1,1,1,1,5,8,1,5,3,9,3,9,1,1,3,5,1,1,1,8,1,5,1,0,9,5,3,0,3,3,5,1,1,0,11,1,1,5,1,1,1,1,3,5,1,3,2,1,2,1,1,1,1,1,0,5,3,1,0,1,1,1,0,1,2,2,2,1,2,2,0,3,1,1,2,1,2,1,1,0,2,1,2,2,0,1,1,1,1,1,2,1,2,2,0,2,2,1,3,1,3,2,3,0,1,1,2,2,0,2,1,1,1,2,2,1,1,1,1,1,1,1,0,2,
RegressionTest0::test161 ,0,0,0,0,2,1,1,0,0,0,0,0,2,1,0,0,0,0,1,1,0,0,0,0,0,0,0,0,0,0,1,0,0,1,0,0,4,0,1,8,1,1,1,0,0,2,2,4,1,1,0,0,0,0,0,0,0,0,0,4,7,0,0,2,4,0,0,0,0,1,0,1,0,8,0,0,0,0,0,4,7,0,4,2,8,2,8,0,0,2,4,0,0,0,7,0,4,0,1,8,4,2,1,2,2,4,0,0,1,10,0,0,4,0,0,0,0,2,4,0,2,1,0,1,0,0,0,0,0,1,4,2,0,1,0,0,0,1,0,1,1,1,0,1,1,1,2,0,0,1,0,1,0,0,1,1,0,1,1,1,0,0,0,0,0,1,0,1,1,1,1,1,0,2,0,2,1,2,1,0,0,1,1,1,1,0,0,0,1,1,0,0,0,0,0,0,0,1,1,
RegressionTest0::test162 ,0,0,0,0,2,1,1,0,0,0,0,0,2,1,0,0,0,0,1,1,0,0,0,0,0,0,0,0,0,0,1,0,0,1,0,0,4,0,1,8,1,1,1,0,0,2,2,4,1,1,0,0,0,0,0,0,0,0,0,4,7,0,0,2,4,0,0,0,0,1,0,1,0,8,0,0,0,0,0,4,7,0,4,2,8,2,8,0,0,2,4,0,0,0,7,0,4,0,1,8,4,2,1,2,2,4,0,0,1,10,0,0,4,0,0,0,0,2,4,0,2,1,0,1,0,0,0,0,0,1,4,2,0,1,0,0,0,1,0,1,1,1,0,1,1,1,2,0,0,1,0,1,0,0,1,1,0,1,1,1,0,0,0,0,0,1,0,1,1,1,1,1,0,2,0,2,1,2,1,0,0,1,1,1,1,0,0,0,1,1,0,0,0,0,0,0,0,1,1,
RegressionTest0::test163 ,0,0,0,0,2,1,1,0,0,0,0,0,2,1,0,0,0,0,1,1,0,0,0,0,0,0,0,0,0,0,1,0,0,1,0,0,4,0,1,8,1,1,1,0,0,2,2,4,1,1,0,0,0,0,0,0,0,0,0,4,7,0,0,2,4,0,0,0,0,1,0,1,0,8,0,0,0,0,0,4,7,0,4,2,8,2,8,0,0,2,4,0,0,0,7,0,4,0,1,8,4,2,1,2,2,4,0,0,1,10,0,0,4,0,0,0,0,2,4,0,2,1,0,1,0,0,0,0,0,1,4,2,0,1,0,0,0,1,0,1,1,1,0,1,1,1,2,0,0,1,0,1,0,0,1,1,0,1,1,1,0,0,0,0,0,1,0,1,1,1,1,1,0,2,0,2,1,2,1,0,0,1,1,1,1,0,0,0,1,1,0,0,0,0,0,0,0,1,1,
RegressionTest0::test164 ,0,0,0,0,2,1,1,0,0,0,0,0,2,1,0,0,0,0,1,1,0,0,0,0,0,0,0,0,0,0,1,0,0,1,0,0,4,0,1,8,1,1,1,0,0,2,2,4,1,1,0,0,0,0,0,0,0,0,0,4,7,0,0,2,4,0,0,0,0,1,0,1,0,8,0,0,0,0,0,4,7,0,4,2,8,2,8,0,0,2,4,0,0,0,7,0,4,0,1,8,4,2,1,2,2,4,0,0,1,10,0,0,4,0,0,0,0,2,4,0,2,1,0,1,0,0,0,0,0,1,4,2,0,1,0,0,0,1,0,1,1,1,0,1,1,1,2,0,0,1,0,1,0,0,1,1,0,1,1,1,0,0,0,0,0,1,0,1,1,1,1,1,0,2,0,2,1,2,1,0,0,1,1,1,1,0,0,0,1,1,0,0,0,0,0,0,0,1,1,
RegressionTest0::test165 ,0,0,0,0,2,1,1,0,0,0,0,0,2,1,0,0,0,0,1,1,0,0,0,0,0,0,0,0,0,0,1,0,0,1,0,0,4,0,1,8,1,1,1,0,0,2,2,4,1,1,0,0,0,0,0,0,0,0,0,4,7,0,0,2,4,0,0,0,0,1,0,1,0,8,0,0,0,0,0,4,7,0,4,2,8,2,8,0,0,2,4,0,0,0,7,0,4,0,1,8,4,2,1,2,2,4,0,0,1,10,0,0,4,0,0,0,0,2,4,0,2,1,0,1,0,0,0,0,0,1,4,2,0,1,0,0,0,1,0,1,1,1,0,1,1,1,2,0,0,1,0,1,0,0,1,1,0,1,1,1,0,0,0,0,0,1,0,1,1,1,1,1,0,2,0,2,1,2,1,0,0,1,1,1,1,0,0,0,1,1,0,0,0,0,0,0,0,1,1,
RegressionTest0::test166 ,1,1,1,1,2,1,1,1,1,1,1,1,2,2,1,1,1,1,2,2,1,1,1,1,1,1,1,1,1,1,1,1,1,1,1,1,4,1,1,8,1,2,0,1,1,2,2,4,2,2,1,1,1,1,1,1,1,1,1,4,7,1,1,2,4,1,1,1,1,2,1,0,1,8,1,1,1,1,1,4,7,1,4,2,8,2,8,1,1,2,4,1,1,1,7,1,4,1,2,8,4,2,2,2,2,4,1,1,2,10,1,1,4,1,1,1,1,2,4,1,2,1,1,1,1,1,1,1,1,2,4,2,1,2,1,1,1,2,1,0,0,0,1,0,0,2,2,1,1,0,1,0,1,1,2,0,1,0,0,2,1,1,1,1,1,0,1,0,0,2,0,0,1,2,1,2,0,2,2,1,1,0,0,2,0,1,1,1,0,0,1,1,1,1,1,1,1,2,0,
RegressionTest0::test167 ,0,0,0,0,2,1,1,0,0,0,0,0,2,1,0,0,0,0,1,1,0,0,0,0,0,0,0,0,0,0,1,0,0,1,0,0,4,0,1,8,1,1,1,0,0,2,2,4,1,1,0,0,0,0,0,0,0,0,0,4,7,0,0,2,4,0,0,0,0,1,0,1,0,8,0,0,0,0,0,4,7,0,4,2,8,2,8,0,0,2,4,0,0,0,7,0,4,0,1,8,4,2,1,2,2,4,0,0,1,10,0,0,4,0,0,0,0,2,4,0,2,1,0,1,0,0,0,0,0,1,4,2,0,1,0,0,0,1,0,1,1,1,0,1,1,1,2,0,0,1,0,1,0,0,1,1,0,1,1,1,0,0,0,0,0,1,0,1,1,1,1,1,0,2,0,2,1,2,1,0,0,1,1,1,1,0,0,0,1,1,0,0,0,0,0,0,0,1,1,
RegressionTest0::test168 ,1,1,1,1,2,1,1,1,1,1,1,1,2,2,1,1,1,1,2,2,1,1,1,1,1,1,1,1,1,1,1,1,1,1,1,1,4,1,1,8,1,2,0,1,1,2,2,4,2,2,1,1,1,1,1,1,1,1,1,4,7,1,1,2,4,1,1,1,1,2,1,0,1,8,1,1,1,1,1,4,7,1,4,2,8,2,8,1,1,2,4,1,1,1,7,1,4,1,2,8,4,2,2,2,2,4,1,1,2,10,1,1,4,1,1,1,1,2,4,1,2,1,1,1,1,1,1,1,1,2,4,2,1,2,1,1,1,2,1,0,0,0,1,0,0,2,2,1,1,0,1,0,1,1,2,0,1,0,0,2,1,1,1,1,1,0,1,0,0,2,0,0,1,2,1,2,0,2,2,1,1,0,0,2,0,1,1,1,0,0,1,1,1,1,1,1,1,2,0,
RegressionTest0::test169 ,1,1,1,1,2,1,1,1,1,1,1,1,2,2,1,1,1,1,2,2,1,1,1,1,1,1,1,1,1,1,1,1,1,1,1,1,4,1,1,8,1,2,0,1,1,2,2,4,2,2,1,1,1,1,1,1,1,1,1,4,7,1,1,2,4,1,1,1,1,2,1,0,1,8,1,1,1,1,1,4,7,1,4,2,8,2,8,1,1,2,4,1,1,1,7,1,4,1,2,8,4,2,2,2,2,4,1,1,2,10,1,1,4,1,1,1,1,2,4,1,2,1,1,1,1,1,1,1,1,2,4,2,1,2,1,1,1,2,1,0,0,0,1,0,0,2,2,1,1,0,1,0,1,1,2,0,1,0,0,2,1,1,1,1,1,0,1,0,0,2,0,0,1,2,1,2,0,2,2,1,1,0,0,2,0,1,1,1,0,0,1,1,1,1,1,1,1,2,0,
RegressionTest0::test170 ,1,1,1,1,3,2,2,1,1,1,1,1,3,0,1,1,1,1,0,0,1,1,1,1,1,1,1,1,1,1,2,1,1,2,1,1,5,1,2,9,2,0,2,1,1,3,3,5,0,0,1,1,1,1,1,1,1,1,1,5,8,1,1,3,5,1,1,1,1,0,1,2,1,9,1,1,1,1,1,5,8,1,5,3,9,3,9,1,1,3,5,1,1,1,8,1,5,1,0,9,5,3,0,3,3,5,1,1,0,11,1,1,5,1,1,1,1,3,5,1,3,2,1,2,1,1,1,1,1,0,5,3,1,0,1,1,1,0,1,2,2,2,1,2,2,0,3,1,1,2,1,2,1,1,0,2,1,2,2,0,1,1,1,1,1,2,1,2,2,0,2,2,1,3,1,3,2,3,0,1,1,2,2,0,2,1,1,1,2,2,1,1,1,1,1,1,1,0,2,
RegressionTest0::test171 ,1,1,1,1,2,1,1,1,1,1,1,1,2,2,1,1,1,1,2,2,1,1,1,1,1,1,1,1,1,1,1,1,1,1,1,1,4,1,1,8,1,2,0,1,1,2,2,4,2,2,1,1,1,1,1,1,1,1,1,4,7,1,1,2,4,1,1,1,1,2,1,0,1,8,1,1,1,1,1,4,7,1,4,2,8,2,8,1,1,2,4,1,1,1,7,1,4,1,2,8,4,2,2,2,2,4,1,1,2,10,1,1,4,1,1,1,1,2,4,1,2,1,1,1,1,1,1,1,1,2,4,2,1,2,1,1,1,2,1,0,0,0,1,0,0,2,2,1,1,0,1,0,1,1,2,0,1,0,0,2,1,1,1,1,1,0,1,0,0,2,0,0,1,2,1,2,0,2,2,1,1,0,0,2,0,1,1,1,0,0,1,1,1,1,1,1,1,2,0,
RegressionTest0::test172 ,1,1,1,1,2,1,1,1,1,1,1,1,2,2,1,1,1,1,2,2,1,1,1,1,1,1,1,1,1,1,1,1,1,1,1,1,4,1,1,8,1,2,0,1,1,2,2,4,2,2,1,1,1,1,1,1,1,1,1,4,7,1,1,2,4,1,1,1,1,2,1,0,1,8,1,1,1,1,1,4,7,1,4,2,8,2,8,1,1,2,4,1,1,1,7,1,4,1,2,8,4,2,2,2,2,4,1,1,2,10,1,1,4,1,1,1,1,2,4,1,2,1,1,1,1,1,1,1,1,2,4,2,1,2,1,1,1,2,1,0,0,0,1,0,0,2,2,1,1,0,1,0,1,1,2,0,1,0,0,2,1,1,1,1,1,0,1,0,0,2,0,0,1,2,1,2,0,2,2,1,1,0,0,2,0,1,1,1,0,0,1,1,1,1,1,1,1,2,0,
RegressionTest0::test173 ,0,0,0,0,2,1,1,0,0,0,0,0,2,1,0,0,0,0,1,1,0,0,0,0,0,0,0,0,0,0,1,0,0,1,0,0,4,0,1,8,1,1,1,0,0,2,2,4,1,1,0,0,0,0,0,0,0,0,0,4,7,0,0,2,4,0,0,0,0,1,0,1,0,8,0,0,0,0,0,4,7,0,4,2,8,2,8,0,0,2,4,0,0,0,7,0,4,0,1,8,4,2,1,2,2,4,0,0,1,10,0,0,4,0,0,0,0,2,4,0,2,1,0,1,0,0,0,0,0,1,4,2,0,1,0,0,0,1,0,1,1,1,0,1,1,1,2,0,0,1,0,1,0,0,1,1,0,1,1,1,0,0,0,0,0,1,0,1,1,1,1,1,0,2,0,2,1,2,1,0,0,1,1,1,1,0,0,0,1,1,0,0,0,0,0,0,0,1,1,
RegressionTest0::test174 ,2,2,2,2,1,2,2,2,2,2,2,2,1,3,2,2,2,2,3,3,2,2,2,2,2,2,2,2,2,2,2,2,2,2,2,2,4,2,2,8,2,3,2,2,2,1,1,4,3,3,2,2,2,2,2,2,2,2,2,4,6,2,2,1,4,2,2,2,2,3,2,2,2,8,2,2,2,2,2,2,6,2,4,1,8,1,8,2,2,1,4,2,2,2,6,2,4,2,3,8,4,1,3,1,0,4,2,2,3,9,2,2,2,2,2,2,2,1,4,2,1,2,2,2,2,2,2,2,2,3,2,1,2,3,2,2,2,3,2,2,2,2,2,2,2,3,1,2,2,2,2,2,2,2,3,2,2,2,2,3,2,2,2,2,2,2,2,2,2,3,2,2,2,0,2,1,2,1,3,2,2,2,2,3,2,2,2,2,2,2,2,2,2,2,2,2,2,3,2,
RegressionTest0::test175 ,0,0,0,0,2,1,1,0,0,0,0,0,2,1,0,0,0,0,1,1,0,0,0,0,0,0,0,0,0,0,1,0,0,1,0,0,4,0,1,8,1,1,1,0,0,2,2,4,1,1,0,0,0,0,0,0,0,0,0,4,7,0,0,2,4,0,0,0,0,1,0,1,0,8,0,0,0,0,0,4,7,0,4,2,8,2,8,0,0,2,4,0,0,0,7,0,4,0,1,8,4,2,1,2,2,4,0,0,1,10,0,0,4,0,0,0,0,2,4,0,2,1,0,1,0,0,0,0,0,1,4,2,0,1,0,0,0,1,0,1,1,1,0,1,1,1,2,0,0,1,0,1,0,0,1,1,0,1,1,1,0,0,0,0,0,1,0,1,1,1,1,1,0,2,0,2,1,2,1,0,0,1,1,1,1,0,0,0,1,1,0,0,0,0,0,0,0,1,1,
RegressionTest0::test176 ,2,2,2,2,1,2,2,2,2,2,2,2,1,3,2,2,2,2,3,3,2,2,2,2,2,2,2,2,2,2,2,2,2,2,2,2,4,2,2,8,2,3,2,2,2,1,0,4,3,3,2,2,2,2,2,2,2,2,2,4,6,2,2,1,4,2,2,2,2,3,2,2,2,8,2,2,2,2,2,3,6,2,4,1,8,1,8,2,2,1,4,2,2,2,6,2,4,2,3,8,4,1,3,1,1,4,2,2,3,9,2,2,3,2,2,2,2,1,4,2,1,2,2,2,2,2,2,2,2,3,3,0,2,3,2,2,2,3,2,2,2,2,2,2,2,3,1,2,2,2,2,2,2,2,3,2,2,2,2,3,2,2,2,2,2,2,2,2,2,3,2,2,2,1,2,0,2,1,3,2,2,2,2,3,2,2,2,2,2,2,2,2,2,2,2,2,2,3,2,
RegressionTest0::test177 ,1,1,1,1,2,1,1,1,1,1,1,1,2,2,1,1,1,1,2,2,1,1,1,1,1,1,1,1,1,1,1,1,1,1,1,1,4,1,1,8,1,2,0,1,1,2,2,4,2,2,1,1,1,1,1,1,1,1,1,4,7,1,1,2,4,1,1,1,1,2,1,0,1,8,1,1,1,1,1,4,7,1,4,2,8,2,8,1,1,2,4,1,1,1,7,1,4,1,2,8,4,2,2,2,2,4,1,1,2,10,1,1,4,1,1,1,1,2,4,1,2,1,1,1,1,1,1,1,1,2,4,2,1,2,1,1,1,2,1,0,0,0,1,0,0,2,2,1,1,0,1,0,1,1,2,0,1,0,0,2,1,1,1,1,1,0,1,0,0,2,0,0,1,2,1,2,0,2,2,1,1,0,0,2,0,1,1,1,0,0,1,1,1,1,1,1,1,2,0,
RegressionTest0::test178 ,2,2,2,2,0,2,2,2,2,2,2,2,1,3,2,2,2,2,3,3,2,2,2,2,2,2,2,2,2,2,2,2,2,2,2,2,4,2,2,8,2,3,2,2,2,1,1,4,3,3,2,2,2,2,2,2,2,2,2,4,6,2,2,1,4,2,2,2,2,3,2,2,2,8,2,2,2,2,2,2,6,2,4,1,8,1,8,2,2,1,4,2,2,2,6,2,4,2,3,8,4,1,3,1,1,4,2,2,3,9,2,2,2,2,2,2,2,1,4,2,0,2,2,2,2,2,2,2,2,3,2,1,2,3,2,2,2,3,2,2,2,2,2,2,2,3,0,2,2,2,2,2,2,2,3,2,2,2,2,3,2,2,2,2,2,2,2,2,2,3,2,2,2,1,2,1,2,0,3,2,2,2,2,3,2,2,2,2,2,2,2,2,2,2,2,2,2,3,2,
RegressionTest0::test179 ,1,1,1,1,3,2,2,1,1,1,1,1,3,0,1,1,1,1,0,0,1,1,1,1,1,1,1,1,1,1,2,1,1,2,1,1,5,1,2,9,2,0,2,1,1,3,3,5,0,0,1,1,1,1,1,1,1,1,1,5,8,1,1,3,5,1,1,1,1,0,1,2,1,9,1,1,1,1,1,5,8,1,5,3,9,3,9,1,1,3,5,1,1,1,8,1,5,1,0,9,5,3,0,3,3,5,1,1,0,11,1,1,5,1,1,1,1,3,5,1,3,2,1,2,1,1,1,1,1,0,5,3,1,0,1,1,1,0,1,2,2,2,1,2,2,0,3,1,1,2,1,2,1,1,0,2,1,2,2,0,1,1,1,1,1,2,1,2,2,0,2,2,1,3,1,3,2,3,0,1,1,2,2,0,2,1,1,1,2,2,1,1,1,1,1,1,1,0,2,
RegressionTest0::test180 ,0,0,0,0,2,1,1,0,0,0,0,0,2,1,0,0,0,0,1,1,0,0,0,0,0,0,0,0,0,0,1,0,0,1,0,0,4,0,1,8,1,1,1,0,0,2,2,4,1,1,0,0,0,0,0,0,0,0,0,4,7,0,0,2,4,0,0,0,0,1,0,1,0,8,0,0,0,0,0,4,7,0,4,2,8,2,8,0,0,2,4,0,0,0,7,0,4,0,1,8,4,2,1,2,2,4,0,0,1,10,0,0,4,0,0,0,0,2,4,0,2,1,0,1,0,0,0,0,0,1,4,2,0,1,0,0,0,1,0,1,1,1,0,1,1,1,2,0,0,1,0,1,0,0,1,1,0,1,1,1,0,0,0,0,0,1,0,1,1,1,1,1,0,2,0,2,1,2,1,0,0,1,1,1,1,0,0,0,1,1,0,0,0,0,0,0,0,1,1,
RegressionTest0::test181 ,0,0,0,0,2,1,1,0,0,0,0,0,2,1,0,0,0,0,1,1,0,0,0,0,0,0,0,0,0,0,1,0,0,1,0,0,4,0,1,8,1,1,1,0,0,2,2,4,1,1,0,0,0,0,0,0,0,0,0,4,7,0,0,2,4,0,0,0,0,1,0,1,0,8,0,0,0,0,0,4,7,0,4,2,8,2,8,0,0,2,4,0,0,0,7,0,4,0,1,8,4,2,1,2,2,4,0,0,1,10,0,0,4,0,0,0,0,2,4,0,2,1,0,1,0,0,0,0,0,1,4,2,0,1,0,0,0,1,0,1,1,1,0,1,1,1,2,0,0,1,0,1,0,0,1,1,0,1,1,1,0,0,0,0,0,1,0,1,1,1,1,1,0,2,0,2,1,2,1,0,0,1,1,1,1,0,0,0,1,1,0,0,0,0,0,0,0,1,1,
RegressionTest0::test182 ,1,1,1,1,2,1,1,1,1,1,1,1,2,2,1,1,1,1,2,2,1,1,1,1,1,1,1,1,1,1,1,1,1,1,1,1,4,1,1,8,1,2,0,1,1,2,2,4,2,2,1,1,1,1,1,1,1,1,1,4,7,1,1,2,4,1,1,1,1,2,1,0,1,8,1,1,1,1,1,4,7,1,4,2,8,2,8,1,1,2,4,1,1,1,7,1,4,1,2,8,4,2,2,2,2,4,1,1,2,10,1,1,4,1,1,1,1,2,4,1,2,1,1,1,1,1,1,1,1,2,4,2,1,2,1,1,1,2,1,0,0,0,1,0,0,2,2,1,1,0,1,0,1,1,2,0,1,0,0,2,1,1,1,1,1,0,1,0,0,2,0,0,1,2,1,2,0,2,2,1,1,0,0,2,0,1,1,1,0,0,1,1,1,1,1,1,1,2,0,
RegressionTest0::test183 ,1,1,1,1,2,1,1,1,1,1,1,1,2,2,1,1,1,1,2,2,1,1,1,1,1,1,1,1,1,1,1,1,1,1,1,1,4,1,1,8,1,2,0,1,1,2,2,4,2,2,1,1,1,1,1,1,1,1,1,4,7,1,1,2,4,1,1,1,1,2,1,0,1,8,1,1,1,1,1,4,7,1,4,2,8,2,8,1,1,2,4,1,1,1,7,1,4,1,2,8,4,2,2,2,2,4,1,1,2,10,1,1,4,1,1,1,1,2,4,1,2,1,1,1,1,1,1,1,1,2,4,2,1,2,1,1,1,2,1,0,0,0,1,0,0,2,2,1,1,0,1,0,1,1,2,0,1,0,0,2,1,1,1,1,1,0,1,0,0,2,0,0,1,2,1,2,0,2,2,1,1,0,0,2,0,1,1,1,0,0,1,1,1,1,1,1,1,2,0,
RegressionTest0::test184 ,1,1,1,1,3,2,2,1,1,1,1,1,3,0,1,1,1,1,0,0,1,1,1,1,1,1,1,1,1,1,2,1,1,2,1,1,5,1,2,9,2,0,2,1,1,3,3,5,0,0,1,1,1,1,1,1,1,1,1,5,8,1,1,3,5,1,1,1,1,0,1,2,1,9,1,1,1,1,1,5,8,1,5,3,9,3,9,1,1,3,5,1,1,1,8,1,5,1,0,9,5,3,0,3,3,5,1,1,0,11,1,1,5,1,1,1,1,3,5,1,3,2,1,2,1,1,1,1,1,0,5,3,1,0,1,1,1,0,1,2,2,2,1,2,2,0,3,1,1,2,1,2,1,1,0,2,1,2,2,0,1,1,1,1,1,2,1,2,2,0,2,2,1,3,1,3,2,3,0,1,1,2,2,0,2,1,1,1,2,2,1,1,1,1,1,1,1,0,2,
RegressionTest0::test185 ,1,1,1,1,2,1,1,1,1,1,1,1,2,2,1,1,1,1,2,2,1,1,1,1,1,1,1,1,1,1,1,1,1,1,1,1,4,1,1,8,1,2,0,1,1,2,2,4,2,2,1,1,1,1,1,1,1,1,1,4,7,1,1,2,4,1,1,1,1,2,1,0,1,8,1,1,1,1,1,4,7,1,4,2,8,2,8,1,1,2,4,1,1,1,7,1,4,1,2,8,4,2,2,2,2,4,1,1,2,10,1,1,4,1,1,1,1,2,4,1,2,1,1,1,1,1,1,1,1,2,4,2,1,2,1,1,1,2,1,0,0,0,1,0,0,2,2,1,1,0,1,0,1,1,2,0,1,0,0,2,1,1,1,1,1,0,1,0,0,2,0,0,1,2,1,2,0,2,2,1,1,0,0,2,0,1,1,1,0,0,1,1,1,1,1,1,1,2,0,
RegressionTest0::test186 ,0,0,0,0,2,1,1,0,0,0,0,0,2,1,0,0,0,0,1,1,0,0,0,0,0,0,0,0,0,0,1,0,0,1,0,0,4,0,1,8,1,1,1,0,0,2,2,4,1,1,0,0,0,0,0,0,0,0,0,4,7,0,0,2,4,0,0,0,0,1,0,1,0,8,0,0,0,0,0,4,7,0,4,2,8,2,8,0,0,2,4,0,0,0,7,0,4,0,1,8,4,2,1,2,2,4,0,0,1,10,0,0,4,0,0,0,0,2,4,0,2,1,0,1,0,0,0,0,0,1,4,2,0,1,0,0,0,1,0,1,1,1,0,1,1,1,2,0,0,1,0,1,0,0,1,1,0,1,1,1,0,0,0,0,0,1,0,1,1,1,1,1,0,2,0,2,1,2,1,0,0,1,1,1,1,0,0,0,1,1,0,0,0,0,0,0,0,1,1,
RegressionTest0::test187 ,0,0,0,0,2,1,1,0,0,0,0,0,2,1,0,0,0,0,1,1,0,0,0,0,0,0,0,0,0,0,1,0,0,1,0,0,4,0,1,8,1,1,1,0,0,2,2,4,1,1,0,0,0,0,0,0,0,0,0,4,7,0,0,2,4,0,0,0,0,1,0,1,0,8,0,0,0,0,0,4,7,0,4,2,8,2,8,0,0,2,4,0,0,0,7,0,4,0,1,8,4,2,1,2,2,4,0,0,1,10,0,0,4,0,0,0,0,2,4,0,2,1,0,1,0,0,0,0,0,1,4,2,0,1,0,0,0,1,0,1,1,1,0,1,1,1,2,0,0,1,0,1,0,0,1,1,0,1,1,1,0,0,0,0,0,1,0,1,1,1,1,1,0,2,0,2,1,2,1,0,0,1,1,1,1,0,0,0,1,1,0,0,0,0,0,0,0,1,1,
RegressionTest0::test188 ,0,0,0,0,2,1,1,0,0,0,0,0,2,1,0,0,0,0,1,1,0,0,0,0,0,0,0,0,0,0,1,0,0,1,0,0,4,0,1,8,1,1,1,0,0,2,2,4,1,1,0,0,0,0,0,0,0,0,0,4,7,0,0,2,4,0,0,0,0,1,0,1,0,8,0,0,0,0,0,4,7,0,4,2,8,2,8,0,0,2,4,0,0,0,7,0,4,0,1,8,4,2,1,2,2,4,0,0,1,10,0,0,4,0,0,0,0,2,4,0,2,1,0,1,0,0,0,0,0,1,4,2,0,1,0,0,0,1,0,1,1,1,0,1,1,1,2,0,0,1,0,1,0,0,1,1,0,1,1,1,0,0,0,0,0,1,0,1,1,1,1,1,0,2,0,2,1,2,1,0,0,1,1,1,1,0,0,0,1,1,0,0,0,0,0,0,0,1,1,
RegressionTest0::test189 ,1,1,1,1,2,1,1,1,1,1,1,1,2,2,1,1,1,1,2,2,1,1,1,1,1,1,1,1,1,1,1,1,1,1,1,1,4,1,1,8,1,2,0,1,1,2,2,4,2,2,1,1,1,1,1,1,1,1,1,4,7,1,1,2,4,1,1,1,1,2,1,0,1,8,1,1,1,1,1,4,7,1,4,2,8,2,8,1,1,2,4,1,1,1,7,1,4,1,2,8,4,2,2,2,2,4,1,1,2,10,1,1,4,1,1,1,1,2,4,1,2,1,1,1,1,1,1,1,1,2,4,2,1,2,1,1,1,2,1,0,0,0,1,0,0,2,2,1,1,0,1,0,1,1,2,0,1,0,0,2,1,1,1,1,1,0,1,0,0,2,0,0,1,2,1,2,0,2,2,1,1,0,0,2,0,1,1,1,0,0,1,1,1,1,1,1,1,2,0,
RegressionTest0::test190 ,1,1,1,1,2,1,1,1,1,1,1,1,2,2,1,1,1,1,2,2,1,1,1,1,1,1,1,1,1,1,1,1,1,1,1,1,4,1,1,8,1,2,0,1,1,2,2,4,2,2,1,1,1,1,1,1,1,1,1,4,7,1,1,2,4,1,1,1,1,2,1,0,1,8,1,1,1,1,1,4,7,1,4,2,8,2,8,1,1,2,4,1,1,1,7,1,4,1,2,8,4,2,2,2,2,4,1,1,2,10,1,1,4,1,1,1,1,2,4,1,2,1,1,1,1,1,1,1,1,2,4,2,1,2,1,1,1,2,1,0,0,0,1,0,0,2,2,1,1,0,1,0,1,1,2,0,1,0,0,2,1,1,1,1,1,0,1,0,0,2,0,0,1,2,1,2,0,2,2,1,1,0,0,2,0,1,1,1,0,0,1,1,1,1,1,1,1,2,0,
RegressionTest0::test191 ,0,0,0,0,2,1,1,0,0,0,0,0,2,1,0,0,0,0,1,1,0,0,0,0,0,0,0,0,0,0,1,0,0,1,0,0,4,0,1,8,1,1,1,0,0,2,2,4,1,1,0,0,0,0,0,0,0,0,0,4,7,0,0,2,4,0,0,0,0,1,0,1,0,8,0,0,0,0,0,4,7,0,4,2,8,2,8,0,0,2,4,0,0,0,7,0,4,0,1,8,4,2,1,2,2,4,0,0,1,10,0,0,4,0,0,0,0,2,4,0,2,1,0,1,0,0,0,0,0,1,4,2,0,1,0,0,0,1,0,1,1,1,0,1,1,1,2,0,0,1,0,1,0,0,1,1,0,1,1,1,0,0,0,0,0,1,0,1,1,1,1,1,0,2,0,2,1,2,1,0,0,1,1,1,1,0,0,0,1,1,0,0,0,0,0,0,0,1,1,
RegressionTest0::test192 ,0,0,0,0,2,1,1,0,0,0,0,0,2,1,0,0,0,0,1,1,0,0,0,0,0,0,0,0,0,0,1,0,0,1,0,0,4,0,1,8,1,1,1,0,0,2,2,4,1,1,0,0,0,0,0,0,0,0,0,4,7,0,0,2,4,0,0,0,0,1,0,1,0,8,0,0,0,0,0,4,7,0,4,2,8,2,8,0,0,2,4,0,0,0,7,0,4,0,1,8,4,2,1,2,2,4,0,0,1,10,0,0,4,0,0,0,0,2,4,0,2,1,0,1,0,0,0,0,0,1,4,2,0,1,0,0,0,1,0,1,1,1,0,1,1,1,2,0,0,1,0,1,0,0,1,1,0,1,1,1,0,0,0,0,0,1,0,1,1,1,1,1,0,2,0,2,1,2,1,0,0,1,1,1,1,0,0,0,1,1,0,0,0,0,0,0,0,1,1,
RegressionTest0::test193 ,0,0,0,0,2,1,1,0,0,0,0,0,2,1,0,0,0,0,1,1,0,0,0,0,0,0,0,0,0,0,1,0,0,1,0,0,4,0,1,8,1,1,1,0,0,2,2,4,1,1,0,0,0,0,0,0,0,0,0,4,7,0,0,2,4,0,0,0,0,1,0,1,0,8,0,0,0,0,0,4,7,0,4,2,8,2,8,0,0,2,4,0,0,0,7,0,4,0,1,8,4,2,1,2,2,4,0,0,1,10,0,0,4,0,0,0,0,2,4,0,2,1,0,1,0,0,0,0,0,1,4,2,0,1,0,0,0,1,0,1,1,1,0,1,1,1,2,0,0,1,0,1,0,0,1,1,0,1,1,1,0,0,0,0,0,1,0,1,1,1,1,1,0,2,0,2,1,2,1,0,0,1,1,1,1,0,0,0,1,1,0,0,0,0,0,0,0,1,1,
RegressionTest0::test194 ,0,0,0,0,2,1,1,0,0,0,0,0,2,1,0,0,0,0,1,1,0,0,0,0,0,0,0,0,0,0,1,0,0,1,0,0,4,0,1,8,1,1,1,0,0,2,2,4,1,1,0,0,0,0,0,0,0,0,0,4,7,0,0,2,4,0,0,0,0,1,0,1,0,8,0,0,0,0,0,4,7,0,4,2,8,2,8,0,0,2,4,0,0,0,7,0,4,0,1,8,4,2,1,2,2,4,0,0,1,10,0,0,4,0,0,0,0,2,4,0,2,1,0,1,0,0,0,0,0,1,4,2,0,1,0,0,0,1,0,1,1,1,0,1,1,1,2,0,0,1,0,1,0,0,1,1,0,1,1,1,0,0,0,0,0,1,0,1,1,1,1,1,0,2,0,2,1,2,1,0,0,1,1,1,1,0,0,0,1,1,0,0,0,0,0,0,0,1,1,
RegressionTest0::test195 ,0,0,0,0,2,1,1,0,0,0,0,0,2,1,0,0,0,0,1,1,0,0,0,0,0,0,0,0,0,0,1,0,0,1,0,0,4,0,1,8,1,1,1,0,0,2,2,4,1,1,0,0,0,0,0,0,0,0,0,4,7,0,0,2,4,0,0,0,0,1,0,1,0,8,0,0,0,0,0,4,7,0,4,2,8,2,8,0,0,2,4,0,0,0,7,0,4,0,1,8,4,2,1,2,2,4,0,0,1,10,0,0,4,0,0,0,0,2,4,0,2,1,0,1,0,0,0,0,0,1,4,2,0,1,0,0,0,1,0,1,1,1,0,1,1,1,2,0,0,1,0,1,0,0,1,1,0,1,1,1,0,0,0,0,0,1,0,1,1,1,1,1,0,2,0,2,1,2,1,0,0,1,1,1,1,0,0,0,1,1,0,0,0,0,0,0,0,1,1,
RegressionTest0::test196 ,0,0,0,0,2,1,1,0,0,0,0,0,2,1,0,0,0,0,1,1,0,0,0,0,0,0,0,0,0,0,1,0,0,1,0,0,4,0,1,8,1,1,1,0,0,2,2,4,1,1,0,0,0,0,0,0,0,0,0,4,7,0,0,2,4,0,0,0,0,1,0,1,0,8,0,0,0,0,0,4,7,0,4,2,8,2,8,0,0,2,4,0,0,0,7,0,4,0,1,8,4,2,1,2,2,4,0,0,1,10,0,0,4,0,0,0,0,2,4,0,2,1,0,1,0,0,0,0,0,1,4,2,0,1,0,0,0,1,0,1,1,1,0,1,1,1,2,0,0,1,0,1,0,0,1,1,0,1,1,1,0,0,0,0,0,1,0,1,1,1,1,1,0,2,0,2,1,2,1,0,0,1,1,1,1,0,0,0,1,1,0,0,0,0,0,0,0,1,1,
RegressionTest0::test197 ,0,0,0,0,2,1,1,0,0,0,0,0,2,1,0,0,0,0,1,1,0,0,0,0,0,0,0,0,0,0,1,0,0,1,0,0,4,0,1,8,1,1,1,0,0,2,2,4,1,1,0,0,0,0,0,0,0,0,0,4,7,0,0,2,4,0,0,0,0,1,0,1,0,8,0,0,0,0,0,4,7,0,4,2,8,2,8,0,0,2,4,0,0,0,7,0,4,0,1,8,4,2,1,2,2,4,0,0,1,10,0,0,4,0,0,0,0,2,4,0,2,1,0,1,0,0,0,0,0,1,4,2,0,1,0,0,0,1,0,1,1,1,0,1,1,1,2,0,0,1,0,1,0,0,1,1,0,1,1,1,0,0,0,0,0,1,0,1,1,1,1,1,0,2,0,2,1,2,1,0,0,1,1,1,1,0,0,0,1,1,0,0,0,0,0,0,0,1,1,
RegressionTest0::test198 ,1,1,1,1,3,2,2,1,1,1,1,1,3,0,1,1,1,1,0,0,1,1,1,1,1,1,1,1,1,1,2,1,1,2,1,1,5,1,2,9,2,0,2,1,1,3,3,5,0,0,1,1,1,1,1,1,1,1,1,5,8,1,1,3,5,1,1,1,1,0,1,2,1,9,1,1,1,1,1,5,8,1,5,3,9,3,9,1,1,3,5,1,1,1,8,1,5,1,0,9,5,3,0,3,3,5,1,1,0,11,1,1,5,1,1,1,1,3,5,1,3,2,1,2,1,1,1,1,1,0,5,3,1,0,1,1,1,0,1,2,2,2,1,2,2,0,3,1,1,2,1,2,1,1,0,2,1,2,2,0,1,1,1,1,1,2,1,2,2,0,2,2,1,3,1,3,2,3,0,1,1,2,2,0,2,1,1,1,2,2,1,1,1,1,1,1,1,0,2,
RegressionTest0::test199 ,1,1,1,1,2,1,1,1,1,1,1,1,2,2,1,1,1,1,2,2,1,1,1,1,1,1,1,1,1,1,1,1,1,1,1,1,4,1,1,8,1,2,0,1,1,2,2,4,2,2,1,1,1,1,1,1,1,1,1,4,7,1,1,2,4,1,1,1,1,2,1,0,1,8,1,1,1,1,1,4,7,1,4,2,8,2,8,1,1,2,4,1,1,1,7,1,4,1,2,8,4,2,2,2,2,4,1,1,2,10,1,1,4,1,1,1,1,2,4,1,2,1,1,1,1,1,1,1,1,2,4,2,1,2,1,1,1,2,1,0,0,0,1,0,0,2,2,1,1,0,1,0,1,1,2,0,1,0,0,2,1,1,1,1,1,0,1,0,0,2,0,0,1,2,1,2,0,2,2,1,1,0,0,2,0,1,1,1,0,0,1,1,1,1,1,1,1,2,0,
